Bahasa Indonesia;Bahasa Banjur
abangnya mungkin yang tadi kerumah sarah katanya dia mau menjemput sarah tapi sarah tidak ada dirumah dan sudah pergi bersama teman temanya;abangnya amang ti tadek kerumah sarah jakok ya kak nyemput sarah uleh sarah ndai sek dirumah dan dah angkat tamai kawan kawane
ada atau tidak ya nata di rumah kita harus segera selesaikan tugas kelompok ini dan semua bahan nata yang bawa tadi;adai atau ndai deh nata di rumah kitai alah mheli nyelesaike tugas kelumpok tuk dan mhua bahan nata ti ngemaik tadek
sebenarnya saudara saudara saya sudah menikah dan saya satu satunya yang masih tinggal dengan orang tua saya;sebenare menyadik menyadik ku udah nikah dan ku sikuk sikuke ti agik idup ngau apai inai ku
itu ada di bawah aula saya akan membawakan anda beberapa sekarang beritahu saya jika ada hal lain yang anda perlukan;nyak adai di baruh aula ku akan ngemaikke nuan beberapa ntok madah ku antik adai utai lain ti nuan perluke
saya keseleo sewaktu bermain tenis rasanya tidak apa apa setelah bermain tenis tapi kemudian mulai berubah biru hitam apakah itu serius;aku teblasuk alai main tenis asae ndai kate kate seudah main tenis ulih dah nyak mulai berubah biru itung nema nyak bamat
saya memesan kursi pada bagian bebas asap rokok tapi ini adalah kursi untuk perokok;aku mesau bangku awak bagian bibas asap rukuk ulih tuk adalah bangku ngau perukuk
setelah main tenis tadi saya langsung pergi ke dokter untuk memeriksa kaki saya yang keseleo dokter bilang akan sembuh dengan salep yang diberikannya;seudah main tenis tadek aku langsung angkat ke dokter ngau meresa kaki ku ti teblikuk dokter madah akan semuh ngau salap ti diberiknya
kata ibu kost kita harus membayar wifi setiap bulan saya selalu membayar di tanggal saya membayar lewat m banking;jakuk ibuk kost kitai alah mayar wifi tiap bulan aku berantau mayar awak tangal aku mayar ari m banking
kapan terakhir kali kita bertemu rasanya sudah sangat lama ya sekarang anak anda sudah besar saya sendiri masih belum menikah;mhaya mhaduk kalik kitai betemu asae dah lama mat deh ntok anak nuan nyau besai aku kedirik agik empai nikah
anda belum pernah ke kampung saya sebelumnya kan saya sudah beberapa kali ke kampung anda disini sangat berbeda orang orangnya tidak begitu ramah seperti dikampung anda;nuan mpai kalak ke kampung ku sempaie kan aku udah beberapa kalik ke kampung nuan dituk lain mat urang urange ndai bengat ramah beka awak kampung nuan
kenapa kaki burung itu patah sepertinya karena tersangkut di jaring yang dipasang orang orang di sawah itu;empa kaki burung nyak patah alape karna tesangkut awak pukat ti dipasang urang urang awak sawah nyin
saya masih harus menyelesaikan tugas ini jika tidak segera dikumpulkan nilai ujian akhir saya bisa nol;aku agik alah nyelesaike tugas tuk asa ndai mheli dikumpulke nilai ujian mhaduk ku tauk nol
kaki dan tangan saya kesemutan setelah duduk terlalu lama di depan komputer;kaki ngau jari ku tepenat seudah duduk lamak igak awak depan kumputer
rasanya ingin mengeluh tapi ini sudah menjadi tanggung jawab saya sebagai mahasiswa jadi saya tetap akan menyelesaikannya meskipun sangat lelah rasanya;asae kak ngeluh ulih tuk udah nyadi tangung jawab aku nyadi mahasiswa jadi aku matang akan nyelesaikee amatme capek mat asae
dingin sekali rasanya di kamar ini hari baru saja selesai hujan saya harus membuat kopi untuk menghangatkan tubuh;celap mat asae awak kamar tuk ari baruk jak baduk ujai aku alah mulah kupi ngau ngangatke tubuh
tapi kopi di dapur habis yang tersisa hanya ada teh dan madu jadi saya membuat teh dicampur madu dan saya tambahkan sedikit parutan jahe;ulih kupi awak dapur amih ti tesisak peruk adai ti ngau madu jadi aku mulah ti dicampur madu dan aku tambahke jepit parutan liak
jahe sangat baik untuk menghangatkan tubuh jahe parut yang diseduh dengan air hangat lalu ditambahkan susu sangat enak;liak baik mat ngau ngangatke tubuh liak parut ti direndam ngau aik angat udah piak ditamahke susu nyamai mat
dalam pengumpulan data ini saya memberikan target untuk diri saya sendiri agar dapat selesai tepat waktu saya menargetkan bulan juli semuanya sudah selesai;dalam pengumpulan data tuk aku merikke target ngau dirik aku kedirik isak tauk selesai tepat waktu aku nargetke bulan juli mhuae udah selesai
hari ini sangat panas saya sudah berkali kali minum es untuk menyegarkan diri apakah anda tidak kepanasan;sari tuk angat mat aku dah bekalik kalik ngirup es ngau nyegarke dirik nema nuan ndai angat
abang itu merokok di ruangan yang terdapat banyak anak anak dan ibu hamil dia seharusnya sadar bahwa rokok itu berbahaya bagi anak anak dan ibu hamil;abang nyak ngerukuk awak ruangan ti adai mayuh miak miak dan ibuk ngandung ya tunake sadar antik rukuk nyak berbahaya ngau miak miak dan ibuk ngandung
sekarang masih banyak orang yang belum sadar akan kebersihan lingkungan mereka membuang sampah sembarangan;ntok agik tubah mayuh urang ti mpai sadar akan kebersihan lingkungan idak muai sampah semarang e
gunakan ini seminggu sekali lumurilah dengan tipis setelah mencuci wajah anda hindari jangan sampai terkena mata dan rambut;nguna ke tuk semingu sekalik lumur ke tipih sa udah nyuci mua nuan ngindari nang sampai ngenak mata dan buk
jika terkena mata akan sangat pedas dan harus langsung dicuci dengan air bersih;antik kenak mata kak pedas mat e dan alah langsung dicuci ngau aik bersih
jika terkena rambut dapat mengakibatkan kerusakan rambut yang serius sehingga harus langsung dicuci bersih;antik kenak buk tauk ngakibatkan kerusakan buk ti bamat sehinga alah langsung dicuci bersih
pagi hari ini saya sarapan pisang dan segelas susu sarapan seperti ini sudah cukup untuk mengenyangkan perut saya pagi ini;lam ari tuk aku sarapan pisang dan segelas susu sarapan beka tuk udah cukup ngau ngenyang ke perut ku lam tuk
pisang itu enak dan bergizi kami punya banyak pisang dirumah yang baru saja dipanen sore ini;pisang nyak nyamai dan begizi kami adai mayuh pisang dirumah ti baruk sudah panin malam ari tuk
dia bertanya pada abang itu kenapa anda merokok disini sudah jelas disana ada larangan merokok disini;iya betanyak ke abang nyak empa meh ngerokok dituk udah jelas adai din larangan ngerokok dituk
mereka bermain bola dari tadi sore sekarang sudah malam tapi mereka belum selesai juga;idak main bola ari malam ari tadek ntok nyau malam uleh idak mpai selesai gak
angka yang terakhir di barisan ini adalah angka apakah kamu tidak melihatnya kata paman itu pada anak perempuanya;angka ti mhaduk di barisan tuk adalah angka nema dik endai medake jakuk paman nyak ngusung anak inuknya
ibuku sedang berkebun di belakang rumah ketika ayah datang bersama adikku tadi;umakku tengan bekebun di belakang rumah alai apak datai tamai adekku tadek
bibik sedang menelepon anaknya yang bekerja di pontianak dia memesan baju natal ke anaknya jika pulang nanti;ibuk tengan nelpon anake ti kerja di pontianak ya mesau baju natal ke anake antik pulai lah
di sebuah danau bernama sentarum hiduplah ikan arwana ikan belida ikan toman dan ikan patin;disutik danau ti benama danau sentarum idup ikan silok ikan belidak ikan tuman dan ikan patin
mereka bersahabat karib dan saling membantu ikan arwarna memang paling cantik warnanya;idak besabahat karib dan saling mantuk ikan silok lamak paling cantek warnae
tubuhnya dipenuhi sisik yang memesona sebenarnya banyak ikan yang iri akan kemolekannya;tubuhnya penuh uleh sisik ti memesona tunake mayuh mat ikan ti ncerak medak mhaiknya
ikan arwana berteman akrab dengan ikan belida keduanya selalu bermain bersama;ikan silok bekawan akrab ngau ikan belidak idak dua berantau main besama
ketika mencari makan ikan arwana dan ikan belida juga selalu bersama;ketika ngigak ti pakai ikan silok dan ikan belidak sik selalu besama
pada suatu hari terdengar kabar ikan arwana banyak dicari manusia karena kecantikan tubuhnya;di sutik ari tedingan berita ikan silok mayuh di gigak nsia karna penyantek tubuhe
dan katanya akan dipajang di sebuah aquarium kabar yang menakutkan bagi para ikan itu ternyata benar;dan jakoke kak ditepuk di aquarium berita ti ntekikke bala ikan nyak ternyata amat
di aquarium ikan ikan arwana dimanjakan mereka akan diberi makanan enak serta mendapatkan perawatan dari manusia;di aquarium bala ikan silok dikenenuhke idak kak diberik makai nyamai udah nyake buleh perawatan ari nsia
setiap orang yang melihat ikan arwana akan selalu memuji dan kagum melihat kecantikannya;tiap urang ti medak ikan silok akan berantau muji dan kagum medak penyanteke
semenjak tersiar kabar itu ikan arwana menjadi tinggi hati dia berpikir bahwa dia adalah ikan yang cantik;semenjak tersiar berita nyak ikan silok jadi tingik atee ya mikir antik nya adalah ikan ti paling cantek
ikan arwana merasa tidak cocok lagi bersahabat dengan ikan belida ia juga merasa ikan yang lainnya tidak sebanding dengan kecantikannya;ikan silok ngasa ndai cucok gik bekawan ngau ikan belidak ya sik ngasa ikan lain ndai sebanding ngau penyanteke
jadi ikan arwana mulai menjauhi teman temannya dia hanya memilih ikan ikan yang cantik saja sebagai temannya;jadi ikan silok mulai nyauh kawan kawane ya peruk milih ikan ikan ti cantek jak nyadi kawane
ikan belida merasa sangat sedih setiap kali ingin mengajak bermain ikan arwana menjauhkan diri;ikan belidak ngasa sedih mat tiap kalik kak ngemaik main ikan silok nyauhke direke
ikan belida tidak lagi dianggap sahabat oleh ikan arwana ikan toman dan ikan patin menghibur ikan belida yang sedih;ikan belidak ndai danggap kawan uleh ikan silok ikan tuman dan ikan patin ngibur ikan belidak ti sedih
lalu ikan toman dan ikan patin mengajak ikan belida bermain dan mencari makan bersama;udah piak ikan tuman dan ikan patin ngemaik ikan belidak main dan ngigak mhakai besama
saat ikan belida dan teman temanya sedang bermain terdengar suara minta tolong;alai ikan belidak dan kawan kawane tengan main tedinga awah mintak tulau
ikan belida ikan toman dan ikan patin mencari sumber suara itu lalu terlihat ikan arwana sedang terjepit kayu yang tenggelam;ikan belidak ikan tuman dan ikan patin ngigak sumer awah nyak dak piak tepedak ikan silok tengah tejepit kayu ti tengelam
ah tolonglah aku belida aku terjepit kata ikan arwana yang menjerit kesakitan;ah talaume aku belidak aku tejepit jakuk ikan silok ti ngakai pedih
ikan belida ikan toman dan ikan patin merasa ragu untuk menolong ikan arwana karena ia sudah menyombongkan diri;ikan belidak ikan tuman dan ikan patin ngasa ragu kak nulung ikan silok karna ya udah nyumong ke direke
oh maafkan aku teman teman aku telah bersikap sombong kata ikan arwana mulai menangis;oh maapke ku kawan kawan aku udah besikap sumong jakuk ikan silok mulai nyabak
ikan belida mulai tergerak hatinya untuk menolong jangan tolong ikan sombong itu belida teriak ikan toman;ikan belidak mulai tegerak atee kak nulong anang nulong ikan sumong nyak belidak perak ikan tuman
tapi aku kasihan padanya walaupun dia sombong kita harus tetap menolong kata ikan belida sambil berusaha melepaskan ikan arwana dari kayu;uleh aku kasih badake walau ya sumong kitai alah tetap nulong jakuk ikan belidak samil berusaha ngelepaske ikan silok ari kayu
ikan toman dan ikan patin akhirnya membantu menolong ikan arwana mereka mendorong tubuh ikan arwana sampai lepas dari kayu;ikan tuman dan ikan patin kelamake mantuk nulong ikan silok idak nurong tubuh ikan silok sampai lepas ari kayu
ah leganya sakit sekali tadi tubuhku terimakasih belida toman dan patin kata ikan arwana sambil menangis;ah lega deh pedih mat tadek tubuhku trimakasih belidak tuman dan patin jakuk ikan silok samil nyabak
aku memaafkanmu arwana tapi ingat tidak baik merasa sombong dan memutuskan tali persahabatan kata ikan belida;aku maapke kau silok uleh ingat ndai baik ngasa sumong dan mutus ke tali kawan jakuk ikan belidak
iya belida kini aku sadar kita tidak boleh sombong dan harus hidup saling tolong menolong kata ikan arwana merunduk malu;auk belidak ntok aku sadar kitai ndai tauk sumong dan alah idup saling tulong menulong jakuk ikan silok nunduk malu
sejak kejadian itu arwana kembali menjalin persahabatan yang baik dengan ikan belida;sejak kejadian nyak silok pulai nyalin kawan ti baik ngau ikan belidak
ikan toman dan ikan patin juga bahagia melihat mereka berteman kembali seperti dahulu;ikan tuman dan ikan patin sik gaga medak idak bekawan agik beka dulau
di pagi hari yang cerah ini kami pergi memancing di sungai kami memancing menggunakan perahu;awak lam ari ti cerah tuk kami angkat ngintik awak sungai kami ngintik ngau perau
siang hari nya kami beristirahat dan memakan bekal yang kami siapkan lalu kami juga memanggang beberapa ikan hasil pancingan kami;tengah arie kami belepa dan makai bekal ti kami siapke sudah piak kami sik mangang beberapa ikan asil kami ngintik
ia adalah mahasiswa jurusan arsitektur di universitas tanjungpura dia memiliki ketertarikan tinggi pada bidang fondasi rumah yang unik;ya adalah mahasiswa jurusan arsitektur universitas tanjungpura ya empu penekak tingik pada bidang pondasi rumah ti unik
pada suatu ketika dosen memberikan tugas kepada semua mahasiswa untuk membuat miniatur rumah yang kokoh dan estetik menggunakan rotan;di sutik ketika dusen merik tugas kepada mhua mahasiswa untuk mulah miniatur rumah ti kukoh dan estetik nguna ke wi
ia kemudian berinisiatif membuat fondasi rumah unik berbentuk segitiga kedengarannya aneh tetapi konsep ini menarik;ya udah nyak beinisiatif mulah pondasi rumah unik bebentuk segitiga kedingae aneh ulh konsep tuk menarik
ia kebetulan memiliki n buah rotan dengan panjang yang berbeda beda tidak ada dua buah rotan yang panjangnya sama;ya kebetulan empu n utik wi ngau panyai ti beda beda nisek dua utik wi ti panyaie sama
ia berencana untuk mencoba semua kemungkinan model fondasi berbentuk segitiga yang dapat dibentuk dengan rotan;ya berencana kak nyuba mhua kemungkin mudel pondasi bebentuk segituga ti tauk di bentuk ngau wi
setiap kali berhasil membentuk fondasi segitiga ia akan langsung mengbongkarnya dan model yang baru;tiap kalik brasil mentuk pondasi segitiga ya akan langsung mungkare dan mulah mudel ti baru
sampai tua ia sehat karena rajin berolahraga dokter menyatakan nenek sehat;sampai tuai ya sehat kerna rajin ulahraga dukter madahke inik sehat
dokter memeriksa dengan teliti bekas jahitan operasi pasien itu lalu memberikan obat;dukter mersa dengan teliti abi jaitan uperasi pasien nyak dahnyak merik ubat
ibu bidan mengobati ibu hamil itu dia memeriksa apakah bayi dalam kandungannya baik baik saja;ibuk bidan ngubat ibuk ngandung nyak ya mersa nema bayi dalam kandunge baik baik jak
dahulu baju berarti kain penutup badan dari pinggang sampai leher tetapi sekarang anak anak muda banyak menggunakan baju kurang bahan;dulau baju breti kain penutup tubuh ari pungung sampai lir uleh ntok miak miak mudak mayuh ngau baju kurang bahan
di hari natal semua anak anak menggunakan baju baru mereka juga merayakannya dengan permen coklat;di ari natal mhua miak miak ngunake baju baru idak sik merayake ngau permen coklat
mereka berada di satu kelompok tetapi mereka sama sekali tidak dapat bekerjasama;idak adai di sutik kelumpok uleh idak sama sekalik ndai tauk bekerjasama
semua anggota mendapat tugas tertentu agar upacara bendera berlangsung dengan baik;mhua angota bulih tugas tertentu isak upacara bendera belangsung dengan baik
pengarahan kepala sekolah telah selesai semua siswa dibubarkan kembali ke kelas masing masing;pengarahan kepalak sekulah udah slesai mhua siswa dibubarke puali ke kelas masing masing
setelah upacara bendera selesai rapat berlangsung dan disana dibicarakan susunan acara perpisahan;nghudah upacara bendera selesai rapat berlangsung dan din dijakukke susunan acara perpisahan
pemain yang tidak diunggulkan itu kini telah menjadi peringkat kedua dunia ia rajin berlatih dan sekarang hasil latihannya terlihat;pemain ti ndai diungulke nyak ntok nyau nyadi peringkat kedua dunia ya rajin belatih dan ntok asil latihane tepedak
kita tidak boleh mengganggap remeh orang lain setiap orang memiliki kekurangan dan kelebihan masing masing;kitai ndai tauk ngangap rimeh urang lain tiap urang mpu kekurangan dan kelebihan masing masing
bapak yang berdasi merah itu tidak pernah bohong jika menyampaikan cerita dia sungguh dapat dipercaya;apak ti bedasi mirah nyak ndai kalak bulak asa nyampaike kisah ya amat tauk dipecayak
setiap orang yang membaca buku di perpustakan harus mematuhi peraturan yaitu tidak boleh ribut;tiap urang ti maca bukuk awak perpustakaan alah matuhi aturan yaitu ndai tauk ribut
jika ingin berdiskusi maka harus masuk ke ruang diskusi agar tidak mengganggu orang lain yang sedang fokus membaca;asa kak beremuk maka alah tamak ke ruang diskusi isak ndai ngaru urang lain ti tengan fokus maca
para tamu undangan yang berbahagia kita telah sampai di penghujung acara acara kita setelah ini adalah makan bersama;bala tamu undangan ti bebahagia kitai udah sampai di pengujung acara acara kitai udah tuk adalah makai bersama
tomat harus mendapat sinar matahari dan air yang cukup agar dapat tumbuh dengan baik;tumat alah buleh sinar mataari dan aik ti cukup isak tauk tumuh dengan baik
membakar sampah termasuk tindakan yang mencemari lingkungan seharusnya sampah di daur ulang;manduk sampah temasuk tinakan ti mencemari lingkungan tunake sampak di daur ulang
temanku menanam kacang tanah untuk penelitiannya katanya ia akan membagikan hasil panennya dengan kami;kawanku nanam kacang tanah ngau penelitiane jakuke ya kak magi asil panine dengan kami
hutan itu sangat luas seharusnya tetapi karena kebakaran yang terjadi tahun lalu hanya sedikit yang tersisa;rimbak nyak luas tunake uleh karna kebakaran ti tejadi taun nyin teh peruk jepit ti tesisak
karena kebakaran besar itu semua kota terselimuti kabut asap udara menjadi sangat kotor;karna kebakaran besai nyak mhua kuta teselimut kabut asap udara nyadi kutur mat
sekarang hutan tinggal sedikit suhu udara di tempat kita jadi lebih panas;ntok rimbak dudi jepit suhu udara di tempat kitai jadi lebih angat
pohon yang seharusnya menjadi sumber oksigen kini sudah sedikit kita harus segera mengambil langkah penanganan;pun ti tunake nyadi sumer oksigen ntok nyau sikit kitai alah segera ngambik langkah penanganan
banjir juga dapat terjadi karena kurangnya pohon yang berfungsi menyerap air hujan bencana alam di depan mata;banyir sik tauk tejadi karna kurange pun ti befungsi nyerap aik ujan bencana alam nyau di depan mata
kita yang harus bertanggung jawab menjaga hutan dan mengembalikannya seperti dulu;kitai ti alah betangung jawab nyaga rimbak dan ngemalike beka dulau
donor darah dapat dilakukan secara pribadi atau berkelompok ke pmi;dunor darah tauk dilakukan secara pribadi atau bekelumpok ke pmi
dikatakan donor darah secara pribadi apabila calon pendonor darah datang ke pelayanan sukarela transfusi darah pmi ketika sehat;dipadah ke dunor darah secara pribadi antik calun pedunor darah datai ke pelayanan sukarela tranfusi darah pmi alai sehat
dikatakan donor darah secara kelompok apabila pendonoran darah dilakukan oleh beberapa orang sekaligus di pabrik kantor atau sekolah;dipadahke dunor darah secara kelumpok antik pedunoran darah dilakuke ulih bala urang sekalikgus di pabrik kantor atau sekulah
secara singkat pelaksanaan donor darah melalui lima tahap tahap pertama yaitu pemeriksaan kesehatan dan golongan darah;secara singkat pelaksanaan dunor darah melalui limak tahap tahap pertama yaitu pemersaan kesihatan dan gulungan darah
tahap kedua pendonor tidur telentang diambil darahnya melalui jarum dan selang;tahap kedua pedunor tinuk kelentang diamik darahe mansak jarum dan selang
tahap ketiga darah yang diambil dari pendonor dialirkan ke kantong kantong bebas hama;tahap ketiga darah ti diamik ari pedunor dialirke kantung kantung bibas amak
tahap keempat darah yang ada dalam kantong bebas hama disimpan pada tempat yang steril;tahap keempat darah ti adai dalam kantung bibas amak disimpan pada tempat ti steril
tahap kelima darah itu disumbangkan atau ditransfusikan kepada orang yang memerlukan;tahap kelimak darah nyak disumangke atau ditransfusike kepada urang ti merluke
bapak itu adalah pamanku ia kepala desa yang selalu menjadi contoh warga desanya;ayak nyak adalah ayakku ya kepalak desa ti berantau nyadi cuntoh warga desae
setiap guru yang mengajar didepan kelas harus paham materi yang diajarkannya;tiap guru ti ngajar didepan kelas alah paham materi ti diajarke nya
guru itu mempunyai lima orang anak tiga perempuan dan duanya laki laki anaknya yang laki laki ganteng semua;guru nyak empu limak urang anak tiga inuk dan dua laki anake ti laki bagas mhua
anak laki laki itu sudah tumbuh besar ketika ayahnya balik dari perantauan;miak laki nyak udah tumuh besai alai apaie pulai ari perantauan
semua tetangga ikut sedih menyaksikan kejadian itu tetapi mereka tidak bisa berbuat apa apa;mhua tetangak tamai sedih medak kejadian nyak uleh idak nitauk bebuat nema nema
saudaraku yang laki laki adalah orang yang tidak bertanggungjawab ia selalu membuat masalah tetapi tidak pernah bisa menyelesaikannya;menyadikku ti laki adalah urang ti ndai betangungjawab ya berantau mulah masalah uleh ndai kalak tauk nyelesaike
percobaan ini dilakukan untuk mengetahui hubungan polusi udara dengan penurunan fungsi otak;percubaan tuk dilakuke ngau ngetauk hubungan polusi udara ngau penurunan fungsi utak
banyak dari anda yang mungkin mengeluhkan hilangnya aroma tomat saat disimpan dikulkas;mayuh ari kitak ti amang ngeluhke ayapnya bau tumat alai ditaruh di kulkas
menurut hasil penelitian tomat memang tidak ditakdirkan untuk disimpan dikulkas;menurut asil penelitian tumat lamak ndai ditakdirke ngau ditaruh di kulkas
kulkas membuat gen tomat kedinginan suhu dibawah dua belas derajat celcius memicu proses metilasi dna;kulkas nyuruh gen tumat celap suhu dibaruh dua belas derajat celcius micu prusih metilasi dna
tomat yang disimpan selama satu hingga tiga hari di kulkas tidak akan menghilangkan aroma;tumat ti ditaruh selamak sari hingga tiga ari awak kulkas ndai akan ngayapke bau
tikus merupakan binatang yang sering digunakan dalam banyak percobaan penelitian;cit merupakan binatang ti pisit digunake alam mayuh pecubaan penelitian
sampah merupakan material sisa yang tidak diinginkan setelah berakhirnya suatu proses;sampah merupake material sisak ti ndai dikekak stelah baduknya suatu pruses
sampah di bumi akan terus bertambah selama masih ada kegiatan yang dilakukan oleh alam maupun manusia;sampah di bumi akan berantau betamah selamak agik adai kegiatan ti dilakuke uleh alam maukpun nsia
yupiter adalah planet yang paling besar di tata surya ia berotasi selama sepuluh jam;yupiter adalah planet ti paling besai di tata surya ya berutasi selamak sepuluh jam
proses mengambil udara dari lingkungan dan megeluarkan udara dari dalam tubuh disebut bernapas;pruses ngamik udara ari lingkungan dan ngeluarke ari alam tubuh disebut menyuan
organ yang digunakan untuk bernafas adalah hidung hidung berfungsi untuk menghirup dan menghembuskan udara;organ ti dengau ngau menyuan adalah idung idung dengau ngau ngirup dan ngembuske udara
gempa bumi adalah getaran yang berasal dari dalam bumi yang merambat sampai ke atas permukaan bumi;gempa bumi adalah getaran ti berasal ari alam bumi ti ngeramat sampai ke atau pemukaan bumi
air hujan yang jatuh kepermukaan tanah sebagian meresap ke dalam tanah;aik ujai ti labuh kepemukaan tanah sebagian ngeresapke alam tanah
jika hari hujan maka air sungai akan dalam dan mengalir deras sekali;antik ari ujai maka aik sungai akan dalam dan ngalir deras mat
ikan di kolam samping rumah selalu dipanen setiap tiga bulan sekali lalu kami memanggang beberapa ikannya;ikan di kulam sisi rumah selalu dipanin tiap tiga bulan sekalik dah piak kami mangang beberapa ikane
pak saya tidak terima saya kan cuma mencuri sandal masa dipenjara lima tahun;pak aku ndai terimak aku kan cuma ncuri senal masak dipenjara limak taun
ia langsung membasuh lukanya dengan air bersih lalu membalutkan kasa pada tanganya yang luka itu;ya langsung masuk lukake ngau aik bersih dahpiak malutke kasa pada jarinya ti lukak nyak
meskipun lukannya cukup parah kamu tidak menangis ya kamu anak perempuan yang kuat;amat me lukake merik parah dik ndai nyabak deh dik miak inuk ti kuat
sebenarnya aku tidak mau membenci tetapi temanku itu sungguh sudah keterlaluan ia berbohong padaku selama ini;sebenare aku ndai kak ncriak uleh kawanku nyak amat udah telalu ya ngemulak ku pelamak ntok
jika sakit kita harus minum obat tapi tidak boleh sembarangan obat kita harus meminta resep obat dari dokter;antik pedih kitai alah ngirup ubat uleh ndai tauk semarang ubat kitai alah mintak resep ubat ari dukter
kenapa ayam itu terluka sepertinya sudah dikejar anjing anjing yang tadi kita lihat dijalan;empa manuk nyak lukak bekae udah dikejar ukui ukui ti tadek kitai pedak dijalai
seorang pengembara dari sebuah negeri di daratan eropa menaiki sebuah kapal dagang yang cukup jauh ke arah timur;surang pengemara ari sutik benua di darat erupa nikik sutik kapal ti merik jauh ke arah timur
tom nama pengembara tersebut ikut pelayaran kali ini untuk menjelajahi dunia dia ingin mengikuti jejak plato sang penjelajah;tom nama pengemara nyak tamai pelayaran kalik ntok ngau nyelajahi dunia ya kak nitihke jejak plato sang penyelajah
selanjutnya kami pergi menuju kota bandung untuk beristirahat di daerah lembang;selanyute kami angkat nuju kuta bandung ngau belepa di dairah lembang
panitia sudah menyediakan nasi kotak untuk kami makan siang ini air minum juga disediakan;panitia udah nyediake nasik kutak ngau kami makai tengah ari ntok aik ngirup sik disediake
banyak anak anak yang bermain disungai sampai sore ibu mereka memanggil supaya mereka pulang tapi mereka tetap terus bermain;mayuh miak miak ti main disungai sampai malam ari inai idak ngumai isak idak pulai uleh idak tetap matang main
hari natal anak anak nakal tidak menerima hadiah dari santa jadi kita harus menjadi anak yang baik supaya mendapat hadiah;ari natal miak miak degil ndai nerimak hadiah ari santa jadi kitai alah jadi miak ti awas isak buleh hadiah
tadi pagi ibuku menggoreng telur tetapi ia lupa mengecilkan api kompor jadi telurnya gosong;lam tadek umakku nguren teluk uleh ya klupa nyepit ke api kumpor jadi teluke retung
saya selalu masak mie instan di kost tetapi ketika kembali ke rumah saya dimarahi jika memasak mie instan;aku berantau nyumai mi instan di kust uleh alai pulai kerumah ku dilayak antik nyumai mi instan
hatinya memang sudah jelek dari kecil dia selalu meneriaki ibunya jika marah;atinya lamak udah jaik ari jepit ya berantau merak inaie antik ringat
burung itu terbang diatas pohon besar disana sepertinya itu burung elang yang sedang mencari mangsanya;burung nyak terbai diatau pun besai din alape nyak burung elang ti tengan ngigak mangsae
dipinggir sungai itu sudah banyak terlihat kepiting air sungai sudah hampir kering karena musim kemarau panjang;disisi sungai nyak sudah mayuh tepedak ketau aik sungai nyau ampir rangkai karna musim kemarau panyai
ketika berlibur kerumah bibik kami memancing disungai besar dan mendapatkan banyak ikan;alai belibur kerumah ibuk kami ngintik disungai besai dan buleh mayuh ikan
sangat seru sekali memancing sambil naik perahu aku sampai lupa rasa takutku akan air yang dalam;amat seru mat ngintik samil nikik perau aku sampai klupa asa ntekikke aik ti dalam
anak itu selalu marah jika tidak dibelikan mainan dia berlari lari sambil menangis;miak nyak berantau ringat antik ndai dibelike mhain ya beguai guai samil nyabak
ayahnya memberikan uang jajan setiap hari ia menabung sisa uang jajannya setiap sepulang sekolah;apaie merik duit jajan tiap ari ya nabung sisak duit jajane tiap pulai sekulah
mereka berdua bertemu di sebuah kafe setelah sekian lama tidak bertemu kamu semakin cantik sekarang ucap laki laki itu;idak dua betemu awak sutik cafe seudah sekian lamak ndai betemu kau makin cantek ntok jakuk laki laki nyak
selama ini posisi kader posyandu sangat sentral baik dalam pelayanan kia modern maupun dalam kehidupan masyarakat;pelamak tuk pusisi kadir pusyandu sentral mat baik alam pelayan kia modern kakme alam pengidup masyarakat
mereka biasanya aktif dalam berbagai kegiatan desa bersama dengan kepala desa dan bidan desa;idak sengkite aktif alam bala kegiatan desa bersama ngau kepalak desa dan bidan desa
bagi masyarakat kader posyandu merupakan sumber pengetahuan dan pertolongan terkait kesehatan ibu dan anak;bagi mayarakat kader posyandu merupakan sumer pengetauk dan pertolongan tekait kesihatan ibu dan anak
kader posyandu jauh lebih paham mengenai situasi dan kondisi nyata masyarakat di desa dan dusunnya;kader posyandu jauh lebih paham ngau situasi dan kondisi bamat masyarakat awak desa dan dusune
hal ini pada akhirnya memengaruhi kesediaan masyarakat untuk menjadi kader posyandu;utai tuk nyau mhaduke ngaruhke pengekak masyarakat ngau nyadi kader posyandu
selain kader utama atau ketua kader kader posyandu yang lain cenderung berganti ganti dan tidak bertahan lama;selain kader utama atau ketua kader kader posyandu ti lain cenerung beganti ganti dan ndai betan lamak
namun tidak semua pelaksana bos mengetahui tentang aturan ini karena tidak disosialisasikan dengan baik;uleh ndai mhua pelaksana bos tauk badak tentang aturan tuk karna ndai disosialisasike ngau baik
akibatnya perlakuan mengenai hak atas bunga tabungan tersebut berbeda beda antar daerah;akibate pelakuan ngenai hak atau bunga tabungan nyak bebeda beda antar daerah
hal ini terjadi karena hampir semua sekolah belum mengetahui aturan dan tata cara pembayaran pajak;hal tuk tejadi karna ampir mhua sekulah mpai tauk badak aturan dan tata cara mayar pajak
di samping itu sekolah juga dapat menghemat waktu tenaga dan biaya transportasi penyetoran pajak;di samping nyak sekulah sik tauk ngimat waktu tenaga dan biaya transportasi penyeturan pajak
hal hal yang harus dilaporkan oleh pelaksana di tiap tingkatan adalah sebagai berikut;hal hal ti alah dilaporke uleh pelaksana di tiap tingkatan adalah beka berikut
di samping itu banyak juga sekolah yang berupaya menghindari pembayaran pajak dengan menyiasati nilai atau kuitansi pembayaran;di samping nyak mayuh sekulah ti beupaya ngindar pemayaran pajak dengab nyiasati nilai atau kuitansi pemayaran
selanjutnya satker kabupaten kota membuat laporan pelaksanaan program untuk diserahkan ke satker provinsi;selanyute satker kabupaten kuta mulah lapuran pelaksanaan prugram ngau diserahke satker provinsi
diangkat dari kisah nyata yang dialami oleh penulisnya sendiri buku laskar pelangi menceritakan masa kecil anak anak kampung;diangkat ari kisah amat ti dialami uleh penulise kedirek bukuk laskar pelangi ngisahke masa jepit miak miak kampung
anak anak kampung yang berasal dari keluarga miskin ini mencoba memperbaiki masa depan mereka;miak miak kampung ti berasal ari keluarga miskin tuk nyuba ngemaik masa depan idake
sd muhammadiyah sekolah penulis ini tampak begitu rapuh dan menyedihkan dibandingkan dengan sekolah sekolah pn timah;sd muhammadiyah sekulah penulis tuk pedak repuk mat dan menyedihkan dibaningke ngau sekulah sekulah pn timah
mereka tersudut dalam ironi yang sangat besar karena kemiskinan justru berada di tengah meriahnya kekayaan pn timah;idak tesudut alam ironi ti besai mat karna mhiskin justru adai di tengah tengah meriahe nghaya pn timah
kesulitan terus menerus membayangi sekolah kampung itu sekolah yang dibangun oleh jiwa ikhlas dua orang guru;mhedih berantau membayangi sekulah kampung nyak sekulah ti didirike uleh jiwa ikhlas dua urang guru
kepala sekolah sd muhammadiyah sudah sangat tua dan ibu guru muda yang juga sangat miskin;kepalak sekulah sd muhammadiyah udah tuai mat dan ibuk guru biak ti sik miskin mat
sekolah yang dihidupi lewat uluran tangan para donatur di komunitas marjinal itu begitu miskin;sekulah ti diidup ari mherik jari bala dunatur di komunitas marjinal nyak miskin mat
gedung sekolah bobrok ruang kelas beralas tanah beratap bolong bolong berbangku seadanya;gedung sekulah burok ruang kelas bealas tanah beatap pesuk pesuk bebangku seadainya
jika malam dipakai untuk menyimpan ternak bahkan kapur tulis sekalipun terasa mahal;antik malam digunake ngau nyimpan nghidup bahkan kapur tulih sekalikpun trasa mahal
sekolah hanya mampu menggaji guru dan kepala sekolahnya dengan sekian kilo beras;sekulah peruk mampu ngajih guru dan kepalak sekulah ngau sekian kilu beras
sehingga para guru itu terpaksa menafkahi keluarganya dengan cara lain kepala sekolah mencangkul sebidang kebun dan ibu guru menerima jahitan;sehinga bala guru nyak tepaksa ngidup keluargae ngau cara lain kepalak sekulah nyangkul sebidang kebun dan ibuk guru nerimak jaitan
kendati demikian keajaiban seakan terjadi setiap hari di sekolah yang dari jauh tampak seperti bangunan yang akan roboh;amat piak keajaiban seakan tejadi tiap ari di sekulah ti ari jauh pedak beka bangunan ti kak rubuh
semuanya terjadi karena ibu guru muda dan kepala sekolah berhasil mengambil hati anak anak kecil miskin itu;mhuae tejadi karna ibuk guru biak dan kepalak sekulah brasil ngamik ati miak miak jepit miskin nyak
dari waktu ke waktu mereka berdua bahu membahu membesarkan hati kesebelas anak anak tadi agar percaya diri;ari waktu ke waktu idak dua saling mantuk mesai ke ati kesebelas miak miak tadek isak pecayak dirik
berani berkompetensi agar menghargai dan menempatkan pendidikan sebagai hal yang sangat penting dalam hidup ini;brani besaing isak menghargai dan menempatkan penidikan sebagai hal ti paling penting alam idup tuk
mereka mengajari kesebelas muridnya agar tegar tekun tak mudah menyerah dan gagah berani menghadapi kesulitan sebesar apapun;idak ngajar kesebelas muride isak kuat rajin ndai mudah nyerah dan gagah brani ngadap kesulitan sebesai nemapun
kedua guru itu juga merupakan guru yang ulung sehingga menghasilkan seorang murid yang sangat pintar dan mereka mampu mengasah bakan murid lainya;kedua guru nyak sik merupakan guru ti anal sehinga ngasilke seurang murid ti pintar mat dan idak mampu ngasah bakat beberapa murid ti lain
mereka berdua juga mengajarkan cinta sesama dan mereka amat menyeyangi kesebelas muridnya;idak dua sik ngajar ke cinta sesama dan idak menyayangi mat kesebelas muride
kedua guru miskin itu memberi julukan kesebelas murid itu sebagai para laskar pelangi;kedua guru miskin nyak merik julukan kesebelas murid nyak sebagai bala laskar pelangi
keajaiban terjadi ketika sekolah muhamaddiyah dipimpin oleh salah satu laskar pelangi mampu mengalahkan sekolah pn dalam perlombaan;keajaiban tejadi alai sekulam muhamaddiyah dipimpin uleh salah satu laskar pelangi mampu ngalahke sekulah pn alam pelumaan
tiga orang anak berhasil menjuarai lomba cerdas cermat mengalahkan sekolah sekolah lain;tiga urang miak brasil nyuarai luma cerdas cermat ngalahke sekulah sekulah lain
sekolah kehilangan sosok jenius lintang yang harus berhenti untuk menghidupi keluarga karena ayahnya meninggal;sekulah ayap susuk pintar lintang ti alah baduk ngau ngidup keluarga karna apaie mati
banyak hal hal inspiratif yang dimunculkan buku ini salah satunya keterbatasan bukanlah kendala untuk maju;mayuh hal hal inspiratif ti dimunculke bukuk tuk salah satue keterbatasan ukailah kendala ngau maju
meskipun sekolah itu pada akhirnya harus tutup namun kedua guru itu dapat berbangga karena diantara kesebelas murid itu ada yang mampu mencapai kesuksesannya;amatme sekulah nyak nyau mhaduk alah tutup uleh kedua guru nyak tauk bebangga karna diantara kesebelas murid nyak adai ti mampu nyapai kesuksesane
ini menunjukkan bahwa pendidikan yang hebat sama sekali tak berhubungan dengan fasilitas;tuk nunyukke bahwa pendidikan ti hebat sama sekalik ndai behubungan ngau fasilitas
terakhir cerita laskar pelangi memberitahu kita bahwa guru benar benar seorang pahlawan tanpa tanda jasa;mhaduke kisah laskar pelangi madahke kitai antik guru amat amat seurang pahlawan tanpa tanda jasa
kecelakaan juga dapat terjadi karena kondisi jalan yang berlobang dan menikung sehingga supir harus berhati hati;kecelakaan sik tauk tejadi karna kundisi jalai ti belubang dan nikung sehinga supir alah ati ati
dari lokasi parkir di jalan hoki anda berjalan ke kanan setelah sampai di pertigaan anda belok kiri;ari lukasi parkir di jalai hoki nuan bejalai ke kanan dah sampai di simpang tiga nuan bilok kibak
seekor cicak berdiam di dekat lampu ia menunggu nyamuk dan serangga kecil lain terbang mengitari lampu;sikuk cicak dugau di damping lampu ya nunguk nyamuk dan amak jepit lain terbai nengahke lampu
transfer uang biasanya dilakukan melalui bank atau kantor pos yang ada di ibukota kecamatan atau kabupaten;transfer duit sengkite dilaku ke mansak bank atau kantur pus ti adai di ibukuta kecamatan atau kabupaten
meskipun jarak ke bank cukup jauh hal ini tidak menjadi hambatan karena mereka relatif jarang melakukan transfer uang;amat me jarak ke bank merik jauh hal tuk ndai nyadi hambatan karna idak relatif jarang ngelakuke transfer duit
pegadaian merupakan salah satu lembaga formal non bank yang cukup menarik minat masyarakat;pegadaian merupakan salah sutik lemaga furmal nun bank ti cukup narik nghekak masyarakat
selain fleksibilitas cara pembayaran pegadaian juga tidak menetapkan penggunaan pinjaman;selain flesibilitas cara pemayaran pegadaian sik ndai netapke pengunaan pinjaman
lembaga keuangan mikro formal non bank yang lain adalah koperasi;lemaga keuangan mikro furmal nun bank ti lain adalah kuperasi
setidaknya ada empat macam koperasi yang dikenal atau dimanfaatkan oleh responden yaitu;seendaie adai empat macam kuperasi ti diketauk atau digunake uleh responden yaitu
namun jumlah kredit yang disalurkan dirasa masih kurang dan tidak ajeg karena bergantung pada dana dari luar;uleh jumlah kredit ti disalurke di asa agik kurang dan endai ajeg karna begantung pada dana ari luar
meskipun menghimpun iuran wajib dan iuran sukarela koperasi ini tidak terlalu menekankan pada jasa tabungan anggota;amatme menghimpun iuran wajib dan iuran sukarela kuperasi tuk ndai bengat nekanke pada jasa tabung anggota
koperasi semacam inisayangnya tidak banyak yang masih aktif;kuperasi mhacam tuk sayange ndai mayuh ti agik aktif
di kecamatan kupang timur jenis koperasi demikian yang masih aktif tinggal dua buah;awak kecamatan kupang timur jenih kuperasi beka nyak ti agik aktif sisak dua utik
peminjam diharuskan menjadi anggota dan untuk itu talenta memotong pinjaman sebagai tabungan nasabah;peminyau alah nyadi anggota dan ngau nyak talenta mutong pinyaman sebagai tabungan nasabah
tabungan di koperasi ini baru dapat diambil bila nasabah tidak lagi meminjam atau dianggap keluar dari anggota koperasi;tabungan awak kuperasi tuk baruk tauk diamik antik nasabah ndai gik minyau atau dangap keluar ari angota kuperasi
pinjaman diberikan secara individual dan pembayaran diambil oleh petugas yang datang dari rumah ke rumah;pinyaman diberikke secara individual dan pemayaran diamik uleh petugas ti datai ari rumah ke rumah
mereka hanya berfikir jangka pendek dan cenderung menyerahkan masa depannya kepada nasib;idak hanya mikir jangka pandak dan cenerung nyerahke masa depan kepada nasib
jika ada kesempatan memperoleh pinjaman meskipun dengan suku bunga tinggi mereka akan mengambilnya juga;antik adai kesempatan buleh pinyaman amatme ngau suku bunga tingik idak kak ngamike gak
koperasi lainnya yaitu puskud mengembangkan sistem bagi hasil usaha penggemukan sapi di desa ponain kecamatan amarasi;kuperasi laine nyakme puskud ngembangke sistem bagi asil usaha penggemukan sapi di desa ponain kecamatan amarasi
liburan semester lalu aku dan adikku kerumah nenek saat itu kami berangkat pagi pagi;libur smester nyin aku dan adekku krumah inik alai nyak kami angkat lam lam
tepat pukul kami berangkat dari rumah disepanjang perjalanan kami menikmati pemandangan yang sangat indah;tepat jam kami angkat ari rumah disepanyai pejalai kami menikmati pemanangan ti indah mat
hari sudah sore ketika kami sampai di rumah nenek dan disambut dengan gembira;ari udah malam ari alai kami datai ke rumah inik dan disamut ngau senang ati
setelah dua minggu dirumah nenek kami pun bersiap siap untuk pulang;stelah dua mingu dirumah inik kami pun besiap siap ngau pulai
dalam kunjungan yang kami lakukan kami mengetahui cara mempertahankan juara yaitu belatih dengan tekun;alam kunyungan ti kami laku ke kami ngetaukke cara ngetanke juara yaitu rajin belatih
setelah puas berkeliling kami berkumpul untuk makan siang bersama tepat pukul kami bersiap pulang kerumah;udah puas bekeliling kami bekumpul ngau makai tengah ari besama tepat jam kami besiap pulai kerumah
sebelum berangkat kami mendapatkan pengarahan lalu kami berangkat bersama menuju taman;seempai angkat kami buleh pengarahan sudah nyak kami angkat besama nuju taman
sesampainya di taman kami melihat lihat dan menikmati suasana taman meskipun kelelahan kami merasa puas;sesampaie awak taman kami medak medak dan menikmati suasana taman amat me capek kami ngasa puas
taman depan kantorku selain sarana bermain juga ada tempat orang beristirahat melepas lelah;taman depan kanturku selain sarana mhain sik adai tempat urang belepa ngelepas capek
banyak juga pohon pohon yang tumbuh sangat rindang seperti sakura kamboja dan mawar;mayuh gak pun pun ti tumuh rinang mat beka sakura kamoja dan mawar
petugas taman selalu menyapu pagi dan sore membuat orang betah di taman karena bersih tidak ada sampah;petugas taman berantau nyapu lam dan malam ari mulah urang betah ti taman karna bersih nisek sampah
selain pohon pohon peneduh yang tumbuh rindang tanaman bunga pun bermekaran;selain pun pun plinung ti tumuh rinang tanaman bunga sik bemekaran
sarana bermain dan tempat duduk juga disediakan disana sehingga orang orang dapat duduk melepas lelah;sarana mhain dan tempat duduk sik disediake din sehinga urang urang tauk duduk ngelepas capek
sayangnya selain sampah dedaunan ada juga sampah bekas makanan dibuang sembarangan oleh orang yang bermain ditaman;sayange selain sampah dedaun sik adai sampah abi mhakai dibuai semarang uleh idak ti bemain awak taman
pada bulan april lalu sekolah kami disertakan dalam lomba kebersihan memperebutkan piala adipura;pada bulan april nyin sekulah kami tamai alam lumak kebersihan ngerebut ke piala adipura
banyak sekali persiapan yang harus dilakukan oleh sekolah dalam rangka lomba tersebut;mayuh mat persiapan ti alah dilakuke uleh sekulah alam rangka lumak nyak
mulai dari pemisahan tong sampah yang organik dan anorganik hingga penghijauan di halaman sekolah;muali ari misahke tung sampah ti organik atau anorganik hinga pengijauan awak laman sekulah
semua warga sekolah mulai dari siswa guru karyawan sampai orang tua siswa ikut mendukung kegiatan ini;mhua warga sekulah mulai ari siswa guru karyawan sampai urang tuai siswa tamai nukung kegiatan tuk
pada awal juni lalu pengumuman tiba ternyata sekolah kami berhasil meraih piala adipura tersebut;pada awal juni nyin pengumuman datai tenyata sekulah kami brasil ngeraih piala adipura nyak
kami bersyukur atas kemenangan itu dan berniat mempertahankan serta terus meningkatkanya;kami besukur atau mhenang nyak dan beniat ngetankeke serta berantau ningkatke
memang hasil itu sudah kami ketahui sebelumnya karena didukung oleh fasilitas sekolah dan sarana sekolah;asil nyak lamak udah kami tauk badak seempaie karna didukung uleh fasilitas sekulah dan sarana sekulah
kami merasa sedih dan memang sudah sepatutnya begitu karena kota kami adalah kota terburuk;kami ngasa sedih dan amat udah sepatute piak karna kuta kami adalah kuta pengejaike
kami heran mengapa sekolah kami berhasil menjadi juara tong sampah saja hanya beberapa apalagi penghijauannya;kami ampal empa sekulah kami brasil nyadi juara tung sampah jak peruk beberapa apagik pengijauane
pagi pagi kami ditugasi guru bahasa indonesia untuk melakukan pengamatan lingkungan sekolah;lam lam kami ditugaske guru bahasa indonesia ngau ngelakuke pengamatan lingkungan sekulah
kelompok kami bertugas mengamati kantin dalam kantin itu kami mengidentifikasi sejumlah makanan yang siap dijual;kelumpok kami betugas ngamat kantin alam kantin nyak kami ngidentifikasi sjumlah mhakai ti siap dijual
diantara makanan itu adalah bakso bubur dan berbagai makanan goreng seperti bakwan dan tahu goreng;ntara mhakai nyak adalah bakso bubui dan bala mhakai guren beka bakwan dan tahu guren
hasil identifikasi tersebut kami presentasikan didepan kelompok lain sungguh pembelajaran yang menyenangkan hari itu;asil identifikasi nyak kami presentasike depan kelumpok lain amat pembelajaran ti nyenangke ari nyak
astrid masuk sini aku berjalan lunglai ke ruang kepala sekolah siap menerima hukuman karena kesalahanku;astrid tamak kituk aku bejalai lesu ke ruang kepalak sekulah siap nerimak ukum karna penyalahku
tahu apa yang harus dilakukan sekarang anak pak bayu memulai pembicaraan aku mengangguk saja;tauk badak nema ti alah dilakuke ntok anak pak bayu mulai bejakuk aku nganguk gena
nah sekarang kamu berdiri di depan kantor guru dan minta maaf kepada wali kelasmu;nah ntok kau bediri awak depan kantur guru dan mintak maaf pada wali kelas dik
juga pagi itu dia bangun dengan rasa hari itu bakal bertemu istrinya di salah satu tikungan entah tikungan mana;sik lam nyak ya was ngau asa ari nyak kak betemu binie awak salah sutik tikungan entah tikungan ti ni
sedangkan istrinya telah mati entah berapa lama mungkin tiga atau empat tahun lalu;sedangkan binie dah mati entah berapa lamak amang tiga atau empat taun nyin
rasa seperti itu jadi alasan setiap hari baginya untuk hidup paginya ia selalu gembira;asa ti beka nyak nyadi alasan tiap ari baginya ngau idup lame ya berantau senang
sampai saatnya dia bertemu salah satu tikungan melaluinya tanpa bertemu istrinya;sampai alaie ya betemu salah sutik tikungan mansake nisek betemu binie
kekosongan sesudah tikungan ini membuat petang petangnya tiba begitu cepat;kekusungan seudah tikungan tuk nyuruh malam malame datai cepat mat
kedua kalinya berkunjung rupanya memang telah banyak yang berubah meskipun hanya berselang dua bulan;kedua kalike bekunyung rupae amat dah mayuh ti berubah amatme peruk beselang dua bulan
panggung menggambarkan suatu kelas ada tiga atau empat meja dan kursi;pangung ngamarke suatu kelas adai tiga atau empat meja dan bangku
sebuah meja dan kursi untuk guru dan sebuah papan tulis letak perlengkapan itu diatur sedemikian rupa;sutik meja dan bangku ngau guru dan sutik papan tulih nhepuk pelengkapan nyak diatur sedemikian rupa
yanti seorang pelajar tampak tengah duduk disalah satu meja itu ia menekuni sebuah buku pelajaran;yanti seurang pelajar tepedak tengah duduk di salah sutik meja nyak ya mlajar ke sutik bukuk pelajaran
masuk dan terkejut melihat yanti masih dikelas kau masih disini yanti belum pulang;tamak dan tekenyit medak yanti agik dikelas kau agik dituk yanti empai pulai
tidak menjawab ia hanya menggeleng dan terus melanjutkan membaca mendekatkan diri ada sesuatu;ndai nyaut ya hanya ngiling ke palak dan terus ngelanyut ke maca namping kedirek adai sesuatu
menggeleng aku mengerti sebenarnya persoalanmu yanti lebih baik kau mengatakan kepadaku detail persoalanmu;ngiling ke palak aku ngerti sebenare pesoalan kau yanti lebih baik kau madah ke ku detail pesoalan kau
sehingga kalau aku tahu persis duduk perkaranya barangkali aku bisa menolongmu;sehinga antik ku tauk badak mat nhuduk perkarae malai ke ku tauk nulung kau
aku mengerti aku memang harus mengatakannya tetapi aku tidak tahu harus dari mana dan bagaimana aku harus mulai;aku nyaruk ku lamak alah madah ke me uleh ku nitauk badak alah ari ne dan kate ku alah mulai
kenapa ah sudahlah sebaiknya kau tidak memaksaku mengatakannya sulit terlalu sulit;empa ah udahme sebaike kau ndai maksaku madahke sulit telalu sulit
ya aku tahu kau tidak kerasan di rumah memandang itu persoalan yang banyak kita rasakan bersama;auk ku tauk badak kau ndai betah awak rumah mrati ke nyak pesoalan ti mayuh kitai asake besama
kau juga mengalami seperti itu memang cuma persoalanku tidak seberat persoalanmu;kau sik ngalami beka nyak hajame ulih pesoalan ku ndai seberat pesoalankau
aku selalu menghibur diri dengan selalu pergi dengan teman teman kalau hari minggu ke mana saja;ku berantau ngibur dirik ngau berantau angkat ngau kawan kawan antik mingu kini kini ke
dulu aku mencoba demikian tetapi kalau aku pergi sesudah aku sampai di rumah aku mengalami peristiwa yang sama;dulau ku nyuba piak uleh antik ku angkat seudah ku datai di rumah ku ngalami peristiwa ti sama
bahkan terasa lebih berat maka aku menghentikan cita cita seperti itu;bahkan trasa lebih berat kebak ku maduk ke cita cita beka nyak
tetapi kita harus menghibur diri yanti lebih dari itu aku lebih ingin menyelesaikan persoalan itu bahkan menyiksa makin menyiksa;uleh kitai alah ngibur dirik yanti lebih ari nyak ku lebih kak nyelesaike pesoalan nyak bahkan nyiksa makin nyiksa
kau mau mengeluarkan sebatang rokok tapi mengapa harus begitu itu berbahaya bagi kesehatan;kau kak ngeluar ke sebatang rukuk uleh empa alah piak nyak bahaya ngau kesehatan
kita masih sangat muda asdi bayangkan kalau masih remaja kita habisi dengan cara cara seperti itu;kitai agik biak mat asdi bayangke antik agik remaja kitai amihke ngau cara cara beka nyak
hari tua kita dapat apa lagipula tujuanmu mencari kebebasan tapi menempuh jalan itu;ari tuai kitai bulih nema lagipula tujuan kau ngigak mhebas ulih nempuh jalai nyak
apakah sebenarnya kau tidak membuat dirimu diperbudak oleh kebiasaanmu itu;nema sebenare kau ndai mulah dirik diperbudak oleh kebiasaan kau nyak
aku tidak mengerti omonganmu yanti kalau kau tidak mau tidak usah bertele tele menasihatiku;ku ndai nyaruk jakuk kau yanti antik kau ndai kak ndai alah begaya gaya menasihatiku
diam baiklah kau pulang nggak itu kusni surti menunggu diluar kalau kau nggak pulang aku pulang duluan;sunyik aukme kau pulai ndai nyak kusni surti nunguk awak luar antik kau ndai pulai ku pulai dulau
takut ketahuan dan kalau kau mau kutunggu kau nanti sore dirumahku;ntekik ketauk dan antik kau kak kutunguk kau malam ari ilak dirumahku
tidak menjawab cuma memandang mengemasi tasnya siap mau pergi kenapa kau takut ketahuan guru kita;ndai nyaut peruk mratike ngemas tase siap kak angkat empa kau ntekik ketauk guru kitai
karena mereka akan marah merampas dan menghukum kau tahu sebabnya;karna idak kak ringat ngerampas dan ngukum kau tauk badak empa
nggak mereka orang tua yang kolot seperti orang tua kita saja itu berbahaya;ndai idak urang tuai ti kolot beka urang tuai kitai jak nyak bebahaya
tapi mereka juga toh tidak sanggup menyelesaikan kegelisahanku sedikit sedikit bilang dosa tidak baik untuk kesehatan;uleh idak sik ndai sangup nyelesaike kegelisahanku jepit jepit madah dusa ndai baik ngau kesehatan
astaga ngapain ini kalian di sini kutunggu di luar sampai lama banget;astaga empa tuk kitak dituk ku nunguk awak luar sampai lamak mat
mau tolongin yanti akibatnya malah dapat kuliah pantesan habis cita cita yanti mau jadi dosen;kak nulong yanti akibate malah buleh kuliah pantas amih cita cita yanti kak nyadi dusen
aku memperingatkan asdiarti bahaya main main rokok sudahlah yanti mari kita pulang saja;ku ngingatke asdiarti bahaya main main rukuk udahme yanti boh kitai pulai jak
ini sudah setengah dua sebentar lagi kelas ini dipakai anak anak sore;ntok nyau setengah dua kejap dak kelas tuk dengau anak anak malam ari
pulanglah dulu kalau kalian mau pulang aku butuh belajar aaah kau menunggu seseorang mereka tertawa bersama;pulaime lau antik kitak kak pulai ku perlu belajar aaah kqu nunguk seseurang idak tawak besama
pergi yanti aku mencintaimu boleh mengangguk kenapa kita harus bertengkar kita sahabat bukan;lari yanti ku cinta ke kau tauk nganguk empa kitai alah belayak kita sahabat ukai
merebahkan kepalanya ke meja sebenarnya kau tidak usah selalu meminta pendapat pak lukas;ngerebahke palak ke meja sebenare kau ndai alah berantau mintak pendapat pak lukas
apa sih untungnya paling kau hanya dapat nasihat saja nasihat itu tidak akan menyelesaikan persoalanmu;nema bah untunge paling kau peruk bulih nasihat jak nasihat nyak ndai akan nyelesaike masalah kau
barangkali benar tapi aku membutuhkan nasihat itu aku memerlukan guru yang tidak cuma pandai mengajar;amangke amat ulih ku merluke nasihat nyak ku merluke guru ti ndai peruk panai ngajar
tetapi memperhatikan diriku aku membutuhkan bimbinganya memang aku juga begitu;uleh mratike dirikku ku merluke bimbingane amatme ku sik piak
dulu aku harapkan bu sri mau mengerti persoalanku tapi ia malah marah marah melulu setiap aku cerita;dulau ku ngarapke bu sri kak ngerti pesoalanku ulih ya mpala ngelayak ngelayak berantau tiap ku bekisah
nah sekolah ini memang konyol sekolah tidak salah tapi kita yang menuntut banyak;nah sekulah tuk lamak konyol sekulah ndai salah uleh kitai ti nuntut mayuh
kita memang membutuhkan sesuatu disekolah kalau sesuatu yang kita butuhkan tidak kita temukan dirumah;kitai lamak merluke sesuatu awak sekulah antik sesuatu ti kitai perluke ndai kitai temuke awak rumah
sesuatu itu apa aku tak mengerti barangkali tersenyum perhatian ya tepat sukar sekali sedih bukan;sesuatu nyak nema ku ndai ngerti malaike tucum perhatian auk kenak pedih mat sedih ukai
ya perhatian bukan mimpi mimpi bukan pelarian mengambil rokok lalu membuang;auk perhatian ukai mimpi mimpi ukai pelarian ngamik rokok dahnyak muaie
agar kita kerasan disekolah tapi apa itu mungkin sedih sekali;isak kitai betah awak sekulah ulih nema nyak mungkin sedih mat
berjalan mau mengambil rokok yang sudah dibuang biarkan dia disitu;bejalai kak ngamik rukuk ti udah dibuai isakme nya diak
kalau ketahuan biar guru guru kita mengerti inilah dunia kita sebenarnya;antik ketauk isak guru guru kitai ngerti tukme dunia kitai nghamate
tapi aku takut akan dimarahi lagi akulah yang akan bilang bahwa aku yang membawa rokok itu;ulih ku ntekik kak dilayak gik ku ti kak madah bahwa ku ti ngemaik rokok nyak
aku mau tahu sesudah marah guru guru kita lalu berbuat apa kepada kita;ku kak tauk badak sesudah ngelayak guru guru kitai dahnyak mulah nema ngusung kitai
aku akan ikut dimarahi yanti ayo ambil asdi jangan kau jangan aneh aneh yanti kalau kita dikeluarkan bagaimana;ku tauk tamai dilayak yanti ayoh amik asdi anang dik nang aneh aneh yanti antik kitai dikeluarke kate
percayalah guru guru kita perlu mengerti apa yang kita pikirkan teman;pecayak jak guru guru kita perlu tauk badak nema ti kitai pikirke kawan
apa yang kita butuhkan setiap hari agar mereka tidak menempa kita hanya dengan rumus rumus hafalan melulu;nema ti kitai perluke tiap ari isak idak ndai nempak kitai hanya ngau rumus rumus hafalan berantau
yanti pergi yang lain menatap terus mengikuti perginya tinggal asdi lalu mengambil rokok itu;yanti angkat ti lain mratike udah nyak nitihke angkat sisak asdi sudah nyak ngamik rokok nyak
sebelum itu ia membalik lalu melemparkan rokok itu ke kelas lagi dan lari sambil berteriak memanggil yanti;seempai nyak ya ngalih dahpiak nikamke rukuk nyak ke kelas gik dan beguai samil ngangau ngumai yanti
dia masih menangis sambil memegang rapornya aku pasti dimarahi ibuku;ya agik nyabak samil megai rapote ku pasti dilayak umakku
aku tidak berani makan siang dulu sebelum ibuku puas memarahiku;ku ndai brani makai tengah ari lau seempai umakku puas ngelayakku
nasi sudah jadi bubur perbaikilah cara belajarmu di masa yang akan datang;nasik nyau udah nyadi bubui perbaiki cara belajar meh di masa ti kak datai
orang miskin itu berjalan dengan membawa sepotong roti sisa untuk anak kecilnya;urang miskin nyak bejalai ngau ngemaik seputung ruti sisak ngau anak jepite
tahun lalu kami membeli buku ini namun belum selesai dibaca karena kami lupa;taun nyin kami meli bukuk tuk ulih empai slesai kami baca karna kami klupa
semua orang punya kekurangan jangan terlalu dipikirkan karna hanya akan membuang waktu;mhua urang empu hngurang nang dipikirke mat karna peruk akan muai waktu
banyak alat alat yang tidak digunakan tetapi belum dibuang karena mungkin akan ada yang mau menggunakannya;mayuh alat alat ti ndai dengau ulih empai dibuai karna amang akan adai ti kak ngaue
mereka minum air manis itu entah apa namanya aku lupa karena namanya susah untuk disebutkan;idak ngirup aik manih nyak entah nema namae aku klupa karna namae pedih ngau disebutke
mereka juga belajar tentang hutan untuk menambah pengetahuan mereka karena mereka orang kota;idak sik belajar tentang kampung ngau nambai pengetauk idak karna idak urang kuta
belajar berenang itu penting agar bisa menjaga diri saat ada keadaan yang mengharuskan untuk menyeberangi sungai nanti;belajar berenang nyak penting isak tauk nyaga dirik alai adai keadaan ti ngaruske ngau nyebrang sungai ilak
babi panggang itu sangat enak namun kurang bumbunya nanti aku belikan di warung depan;babi panggang nyak nyamai mat ulih kurang bumbue ilak aku melike awak warung depan
jangan sembarangan bicara jika tidak mau menghadap orang pemarah itu dia bukan lawan kita;nang mharang bejakuk antik ndai kak ngadap urang peringat nyak ya ukai lawan kitai
semuanya istirahat ada apa kamu man kondisi ayahku wajahnya makin murung;mhua belepa adai nema meh man kundisi apakku muanya makin sedih
sementara laki laki sibuk bekerja mendirikan tenda pengundang mulai melaksanakan tugas mengunjungi rumah penduduk untuk diundang;sementara bala urang laki sibuk kerja nirike tenda urang ti ngundang mulai ngelaksanake tugase ngunyung rumah penuduk ndau dunang
undangan tidak menggunakan surat hanya langsung diberitahukan ke orang orang di setiap rumah;undangan ndai ngau surat cuma langsung dipadahke urang urang di tiap rumah
meh adalah panggilan untuk laki laki dan dik adalah panggilan untuk perempuan;meh adalah ti ngau ngumai nsia laki dan dik adalah ti ngau ngumai nsia inuk
kami makan petai hari ini temanku yang memasak bersama seru sekali rasanya;kami makai petai ari tuk kawanku ti nyumai besama gaga mat asae
di sumatera tumbuhan ini dikenal dengan berbagai sebutan di antaranya nau hanau peluluk biluluk kabung juk atau ijuk dan bagot;di sumatera tumuhan tuk diklala ngau mayuh sebutan di antarae nau hanau peluluk biluluk kabung juk atau ijuk dan bagot
tumbuhan ini dapat tumbuh dengan baik dan mampu mendatangkan hasil yang melimpah pada daerahdaerah yang tanahnya subur;tumuhan tuk tauk tumuh ngau baik dan mampu nataike asil ti melimpah awak daerah daerah ti tanahe subur
terutama pada daerah berketinggian antara meter di atas permukaan laut misalnya di tanah karo sumatera utara;terutama awak daerah nhingik ntara miter di atau pemukaan laut misale di tanah karo sumatra utara
tumbuhan enau atau aren dapat menghasilkan banyak hal dengan banyak kegunaan;tumuhan nau atau aren tauk ngasilke mayuh utai ngau mayuh gunae
itu yang menjadikannya populer sebagai tanaman serba guna selain tumbuhan kelapa;nyak ti nyadike nya tekenal sebagai ntanam serba guna selain tumuhan kelapak
salah satunya adalah sebagai tuak nira selain sebagai minuman sehari hari;salah satue adalah sebagai arak nira slain sebagai minum seari ari
tuak memiliki fungsi yang sangat penting dalam kehidupan sosialbudaya bagi sebagian masyarakat batak di sumatera utara;arak empu guna ti penting mat alam nghidup susial budaya bagi sebagian masyarakat batak di sumatra utara
terutama bagi orang orang batak yang tinggal di daerah dataran tinggi;terutama bagi urang urang batak ti idup di daerah dataran tingik
dalam tradisi orang batak tuak juga digunakan pada upacara upacara tertentu;alam tradisi urang batak arak sik digunake awak upacara upacara tertentu
ia bercerita tentang masa kecilnya dulu yang sering berjualan keliling untuk mencari uang jajan;ya bekisah tentang masa jepite dulau ti pisit bejual keliling ngau ngigak duit jajan
menjamu dan menyuapi atau memberi makan secara adat tradisional sebagai hormat kepada orangtua yang masih hidup;nyamu dan nyuap atau merik makai secara adat tradisional sebagai hormat ngusung urangtuai ti agik idup
pada upacara adat tuak digunakan untuk menyiram beberapa jenis tanaman yang ditanam di atas;awak upacara adat arak dengau ngau nyiram beberapa jenih ntanam ti ditanam di atau
tuak merupakan salah satu jenis bahan sesaji yang mutlak dipersembahkan kepada arwah seseorang yang telah meninggal dunia oleh anakcucunya;arak merupakan salah satu jenih bahan sesaji ti alah dipesemahke arwah seseurang ti nyau mati uleh anak ucoke
pada zaman dahulu hiduplah sepasang suamiistri bersama dua orang anaknya yang masih kecil;alai jaman keliak teh idup sepasang belaki bini besama dua urang anake ti agik jepit
yang pertama seorang lakilaki bernama iluh sedangkan yang kedua seorang perempuan bernama beru;ti petama seurang laki benama iluh sedangke ti kedua seurang inuk benama beru
keluarga kecil itu tampak hidup rukun dan bahagia di sebuah pondok;keluarga jepit nyak tampak rukun dan bahagia awak sutik langkau
kenapa ayahmu sakit dan dirawat dirumah sakit sakit apa ayahmu;empa apai meh pedih dan dirawat dirumah sakit pedih nema apai meh
aku tidak tahu tapi kata dokter akan dioperasi dan memerlukan darah;aku nitauk badak uleh jakuk dukter kak diuperasi dan merluke darah
apa golongan darah ayahmu golongan darahnya a jangan bingung nanti kucarikan dengan teman teman;nema gulungan darah apai meh gulungan darahe nang bingung ilak ku ngigake ngau kawan kawan
bacalah drama itu nit kenapa kamu termenung begitu apa yang kamu pikirkan;baca drama nyak nit empa dik temenung piak nema ti dik pikirke
saya ingin mengikuti kunjungan ke museum tapi orangtuaku tidak mempunyai biaya;ku kak tamai kunyungan ke museum uleh urangtuaiku ndai bisik biaya
kalau begitu apa kamu mau datang kerumahku sepulang sekolah ini;asa piak nema dik kak datai kerumahku sepulai sekulah tuk
aku akan mencoba membantu menyampaikan masalahmu kepada orangtuaku mudah mudahan mereka dapat membantumu;aku kak nyuba mantuk nyampaike masalah kau ke urangtuaiku mudah mudahan idak tauk mantuk dik
kenapa maling itu tidak kau bawa ke mari kita harus menangkapnya;empa pencuri nyak ndai kau baik kituk kitai alah nangkapnya
saya tidak kuat membawanya sendiri pak lurah saya tidak berani lancang sebelum pak lurah melihatnya sendiri;aku ndai kuat ngemaiknya kedirik pak lurah aku ndai brani lancang seempai pak lurah medake kedirik
bawa kemari maling itu lekas apa pak lurah tidak malu apa maksudmu mengapa mesti malu;baik kituk pencuri nyak sigat nema pak lurah ndai malu nema maksud kau empa alah malu
pukul empat belas lebih tiga puluh menit di sekolah masih tampak sepi;jam empat belas lebih tiga puluh menit awak sekulah agik nampak sepi
siswa yang akan latihan pramuka masih dapat dihitung dengan jari;siswa ti kak belatih pramuka agik tauk ditung ngau jari
ari dan aji selalu datang paling awal kesekolah sore itu aji duduk sendirian di depan kelas;ari dan aji berantau datai paling dulau kesekulah malam ari nyak aji duduk kedirik awak depan kelas
mukanya murung ia tampak sedih kemudian datanglah ari lalu duduk disampingnya;muanya murung ya nampak sedih dah piak dataime ari dah nyak duduk disisinya
mengapa kamu seperti sedang sedih betu ji diputusin pacar ya kata ari sambil tertawa;empa kau beka tengah sedih piah ji diputus ke pacar deh jakuk ari samil tawak
ah tidak apa apa jangan bohong raut wajahmu tidak bisa menyembunyikan dukamu apa kau sakit;ah ndai nema nema nang bulak raut mua kau ndai tauk ngelamunke hnyedih kau nema kau pedih
tidak jawabnya singkat dengan matanya yang berkaca kaca ada apa sebenarnya;ndai sautnya singkat ngau matae ti bekaca kaca adai nema sebenare
maukah membagi masalahmu itu kepadaku percayalah kepadaku siapa tahu aku bisa membantumu;kak magi masalah kau nyak ngusungku pecayak jak ngusungku malai ke ku tauk mantuk kau
sebentar lagi aku putus sekolah terkejut mengapa bagaimana kamu bisa putus sekolah;kejap gik aku putus sekulah tekenyit empa kati kau tauk putus sekulah
orang tuaku sudah tidak mampu lagi membiayaiku sambil terisak isak suaranya;urang tuaiku nyau ndai mampu gik miayaiku samil teseduk seduk awahnya
sabar ya ji sepulang sekolah nanti aku ceritakan hal ini kepada ibuku;sabar bah ji pulai sekulah ilak aku ngisahke utai tuk ngusung umakku
nanti akan aku bujuk pasti ibuku mau membantumu menyelesaikan masalah ini;ilak lah ku bujuk pasti umakku kak mantukkau nyelesaike masalah tuk
setelah rencana kita matang lalu apa selanjutnya apakah langsung menjalankan rencanya;dah rencana kitai matang dahpiak nema selanyute nema langsung nyalaike rencanae
ya sudah jelas kan kamu jadi ketua iwan wakil dan aku bendahara begitu saja ya;auk dah jelas kan kau nyadi ketua iwan wakil dan aku bendahara piak jak bah
tidak bisa begitu dong begini saja kita undi siapa yang menang dia yang jadi ketua bagaimana;ndai tauk piak jarak pituk jak kitai undi siapa ti menang nyak ti nyadi ketua kati
wah kok malah jadi ribut bisa bisa kita tidak jadi berangkat sudah yok terima saja;wai empa malah nyadi ribut tauk tauk kitai ndai jadi angkat udah buh terimak jak
lagipula semua untuk kelompok kita bagaimana boleh boleh saja asal kalian membantuku;sik mhua ngau kelumpok kitai kati tauk tauk jak asal kitak mantukku
okey begitu saja ya mari kita berangkat disana kami siap membantumu;okey piak jak bah boh kitai angkat din kami siap mantuk kau
tendanya bagaimana apakah sudah disimpan kita harus membawa karpet juga sebagai alas;tendae kati nema dah disimpan kitai alah ngemaik tikai kedak ngau alas
salam ke orangtuamu ya sin bilang pada mereka bibik belum bisa datang karena masih sibuk bekerja;salam ke urangtuai kau bah sin padah ke idak ibuk mpai tauk datai karna agik sibuk kerja
ada dua orang anak yang bersahabat sejak kecil mereka tinggal satu kampung;adai dua urang miak ti bekawan mulai ari jepit idak idup sutik kampung
mereka selalu bersama tetapi semenjak ayah adi pindah bekerja mereka berdua pun terpisah;idak berantau besama ulih semenjak apai adi pindah bekerja idak dua sik tepisah
pada suatu ketika tanpa disadari mereka bertemu kembali di sebuah cafe;awak suatu ketika tanpa disadarke idak betemu agik di sutik cafe
ketika bertemu mereka berbincang bincang perihal rencana kuliah karena mereka sudah ujian sma;alai betemu idak bejakuk jakuk tentang rencana kuliah karna idak udah ujian sma
rencananya kamu mau kuliah di mana aku mau kuliah di pip katanya sambil tersenyum;rencanae kau kak kuliah dini aku kak kuliah di pip jakuknya samil tawak
memangnya nanti kamu mau pilih jurusan apa disana aku kurang tahu jurusan yang ada disana;nema ilak kau kak milih jurusan nema din aku ndai bengat tauk badak jurusan ti adai din
pelayaran mau jadi kapten kapal dong hehehe hmmm tapi kamu kenapa masih ragu ya;pelayaran kak nyadi kapten kapal dong hehehe hmmm ulih kau empa agik ragu deh
tapi aku lemah dengan pelajaran fisika duh jangan sedih dong sudah enggak apa apa;uleh aku lemah ngau pelajaran fisika duh anang sedih jarak udah ndai kate
kalau kamu belajar lebih giat lagi kamu pasti bisa teruslah berusaha;antik kau belajar lebih rajin agik kau pasti tauk matangme berusaha
jangan menyerah kejar cita cita kamu eits tapi jangan lupa kalau sudah usaha kita juga harus tetap berdoa;anang nyerah kejar cita cita kau ulih nang klupa antik udah usaha kitai sik alah tetap bedoa
iya terima kasih ya atas masukannya pasti aku bakal belajar lebih giat lagi;auk makasih bah atas masukane pasti aku bakal blajar lebih rajin gik
nah gitu dong kalau kamu mau kuliah dimana aku belum tau ini;nah piak me antik kau kak kuliah dini aku mpai tauk badak tuk
masih belum menentukan mau kuliah dimana kira kira menurut kamu di mana ya terus jurusan apa;agik mpai nentuke kak kuliah dini kira kira menurut kau dini deh dah nyak jurusan nema
kalau menurut aku sih lebih baik kamu ikuti kata hati kamu aja pastinya yang sesuai dengan bakat dan minat kamu juga;antik menurut aku sik lebih baik kau nitihke jakuk ati kau jak pastie ti sesuai ngau bakat dan minat kau gak
iya sih tapi masalahnya aku belum tau nih bakat aku di mana ya kalau menurut aku sih;auk gak uleh masalahe aku mpai tauk badak tuk bakat aku dini auk antik menurut aku sik
soal bakat kamu sebaiknya minta pendapat ke orang lain misalnya ke teman guru dan juga orang tua;sual bakat kau sebaike mintak pendapat ke urang lain misale ke kawan guru dan urang tuai gak
terus kalau kamu masih bingung juga aku saranin kamu untuk minta petunjuk tuhan yang maha esa ya dengan berdoa;dah piak antik kau agik bingung gak aku saranke kau ngau mintak pentunyuk tuhan ti maha esa auk ngau bedoa
wah makasih ya adi atas pendapat dan saran kamu aku akan coba ikuti saran kamu;wah makasih bah adi atas pendapat dan saran kau aku kak nyuba nunak saran kau
oh iya udah sore nih aku pulang ya makasih adi oh iya oke deh sama sama makasih juga ya anjas;oh auk nyau malam ari tuk aku pulai bah makasih adi oh auk oke deh sama sama makasih gak anjas
setelah perbincangan tadi mereka berdua menjadi lebih giat belajar dan berdoa serta menetapkan keputusan untuk kuliah nanti;stelah perandau tadek idak dua nyadi lebih rajin belajar dan bedoa serta netap ke keputusan ngau kuliah lah
akhirnya anjas telah mengetahui bakat dan minatnya untuk melanjutkan kuliah dia sudah tahu jurusan dan kampus yang tepat;mhaduke anjas udah tauk badak bakat dan minate ngau ngelanyut kuliah ya udah tauk badak jurusan dan kampus ti tepat
waktu terus berlalu tidak terasa mereka berdua telah lulus ujian dan mereka pun ingin melanjutkan sekolah ke perguruan tinggi;waktu matang belalu ndai terasa idak dua udah lulus ujian dan idak idak pun kak ngelanyutke sekulah ke perguruan tingik
berkat kegigihan yang dilakukan mereka berdua akhirnya mereka diterima di perguruan tinggi yang mereka impikan;berkat kegigihan ti dilakuke idak dua mhaduke idak diterimak di perguruan tingik ti idak impike
panggung menggambarkan ruang depan di kanan jendela kaca tertutup sebelah belakang ada pintu menuju ruang dalam;pangung ngamarke ruang depan awak kanan jenela kaca tetutup mung kebelakang adai pintu nuju ruang dalam
ada beberapa gambar tua dan jam dinding sebuah meja dan beberapa kursi pukul setengah delapan malam;adai beberapa gamar tuai dan jam dining sutik meja dan beberapa bangku jam stengah lapan malam
di luar angin kencang bertiup dan sekali kali terlihat cahaya kilat amran gelisah dan mondar mandir sekali kali melihat jam;di luar angin kaya betiup dan sekalik kalik tepedak pansau kilat amran glisah dan mundar mandir sesekalik medak jam
bicara sendiri sudah jam setengah delapan lewat ke mana perginya anhar melihat ke pintu dalam;bejakuk kedirik udah jam stengah lapan lewat kini ke nghangkat anhar medakke pintu dalam
masih di dalam ya kak keluar menemui amran duduk ke mana katanya anhar tadi mau mancing ke tempat kita mendapat ikan besar dulu kak;agik di dalam auk kak keluar ngusung amran duduk kini ke jakuke anhar tadek kak ngintik ke awak kitai bulih ikan besai dulau teh kak
kenapa kau bolehkan saja kalau ayah dan ibu tahu tentu akan marah berdiri dan berjalan pelan kau tahu itu bahaya;empa kau ngijin ke antik apak ngau umak tauk badak pasti kak ngelayak bediri dan bejalai lubah kau tauk badak nyak bahaya
bahaya apa kak berdiri di jendela tempat itu ada penunggunya;bahaya nema kak bediri di jenela awak nyak adai penunguke
ada yang jaga kak itu kan kali biasa masa ada yang memilikinya siapa saja boleh mancing di situ kan;adai ti nyaga kak nyak kan parit biasa masak adai ti empue siapa jak tauk ngintik diak kan
kesal ah kamu ada ada setannya tahu ketakutan aaah kak amran jangan begitu ah saya takut gunadi melihat ke kiri dan kanan;kesal ah kau adai adai sitane tauk badak ntekik aaah kak amran nang piak ah ku ntekik gunadi medak ke kibak ngau ke kanan
di luar kilat memancar terang kemudian petir menggelegar terkejut dan melompat au tolong kak;awak luar kilat mancar terang dah piak petir mengelegar tekenyit dan melanyung au talau kak
ke dekat adiknya ada apa gun tidak apa apa kak saya hanya kaget saja tapi ragu ragu apakah anhar tidak apa apa kak;ke damping adeke adai nema gun ndai sek nema nema kak aku hanya tekenyit jak uleh ragu ragu nema anhar ndai kati kati kak
itulah kakak takut ia kehujanan akan kususul ia ke sana jangan kak saya takut tinggal sendiri di rumah;nyakme kakak ntekik ya kenak ujai kak ku susul ya kin ke nang kak aku ntekik dudi kedirik dirumah
ayolah ikut kita kunci saja rumah tapi kak tapi jalan ke sana gelap saya tidak berani ikut;bohme tamai kitai kunci jak rumah ulih kak ulih jalai kin petang aku ndai brani tamai
kesal dan bingung jadi bagaimana ditinggal tidak berani diajak juga takut anhar kan harus dicari diam dan mendengar sesuatu hahsuara apa itu;kesal dan bingung jadi kati didudi ndai brani dibaik sik ntekik anhar kan alah digigak sunyik dan ninga sesuatu hah awah nema nyak
mendekap amran erat kak kak ada apa kak terdengar bunyi pintu depan terbuka;nekap amran erat kak kak adai nema kak tedinga awah pintu depan tebukak
anhar berdiri memegang kail dan ikan kecil kecil mengangkat ikannya lihat kak lihat banyak ya;anhar bediri megai gintik dan ikan jepit jepit ngangkat ikane pedak kak pedak mayuh ya
tersenyum tapi agak kesal kamu anak nakal ayo ke belakang sana membuat orang bingung;tawak uleh merik kesal kau anak nakal buh ke belakang kin mulah urang bingung
siang itu lima sekawan sepakat untuk mengerjakan tugas sepulang sekolah bersama;tengah ari nyak limak sekawan sepakat ngau ngerja ke tugas sepulai sekulah besama
nanti kita kerjakan tugas di tempat biasa ya teman teman di balai desa atau di rumah danu di balai desa saja;ilak kitai ngerjake tugas di awak biasa bah kawan kawan di balai desa atau di rumah danu di balai desa jak
baiklah teman teman kalau begitu saya pulang ganti baju dan makan dulu baru saya ke balai desa;aukme kawan kawan asa piak aku pulai ganti baju dan makai dulau baruk aku ke balai desa
setelah mereka semua pulang ke rumah masing masing dan jam menunjukkan pukul empat sore mereka yang lain segera berangkat menuju balai desa;udah idak mhua pulai ke rumah masing masing dan jam nunyukke jam empat malam ari idak ti lain mheli angkat nuju balai desa
hanya danu yang tidak berangkat karena sepulang sekolah ia tertidur pulas dan lupa jika sudah sepakat mengerjakan tugas;hanya danu ti ndai angkat karna sepulai sekulah ya tinuk pulas dan klupa antik udah sepakat ngerjake tugas
sampai di balai desa danu mana ya sudah hampir jam lima dia tak kunjung datang;datai awak balai desa danu dini deh udah ampir jam limak ya ndai kunyung datai
jangan jangan dia lupa jika sekarang kita akan mengerjakan tugas atau mungkin dia mengira kalau kita akan mengerjakan tugas di rumahnya;nang nang ya klupa antik ntok kitai kak ngerjake tugas atau amang ya ngira antik kitai kak ngerjake tugas awak rumahnya
sebaiknya kita ke rumahnya mungkin dia sudah menunggu kita mungkin dia ada urusan tetapi lupa memberitahu kita;sebaike kitai ke rumahnya amang ya dah nunguk kitai amang ya adai urusan uleh klupa madah kitai
kita tunggu saja disini sembari menyelesaikan separuh tugas mereka berempat mengerjakan tugas bersama terlebih dahulu sembari menunggu kedatangan danu;kitai tunguk jak dituk samil nyelesaike separuh tugas idak empat ngerjake tugas besama dulau samil nunguk penatai danu
setelah jam tangan dadang menunjukkan angka pukul sore terlihat dari jauh anak laki laki terengah engah berlari membawa tas;udah jam tangan dadang nunyukke angka jam malam ari tepedak ari jauh miak laki laki teengah engah beguai ngemaik tas
tuh kan danu baru kemari eh iya tetapi kenapa dia berlari seperti dikejar hantu dan memakai seragam sekolah;dak kan danu baruk kituk eh auk ulih empa ya beguai beka dikejar antu dan ngau seragam sekulah
teman teman sedang apa kalian sepagi ini di balai desa apa kalian tidak takut terlambat ke sekolah;kawan kawan tengah nema kitak lelam pituk awak balai desa nema kitak ndai ntekik telambat ke sekulah
seketika dita dina didi dan dadang tertawa terbahak bahak ini masih sore danu pasti kamu baru bangun tidur kan;mheli idak tawak tekakah kakah tuk agik malam ari danu pasti kau baruk was tinuk kan
makanya danu kita dilarang tidur sampai hampir petang wajah danu memerah disertai rasa malu dan menyesal;kebak danu kitai danuk tinuk sampai ampir petang mua danu memirah ditamai asa malu dan nyesal
suatu ketika terdapat sebuah kerajaan yang diperintah seorang raja yang bijaksana;sutik ketika adai sutik kerajaan ti diperintah sikuk raja ti bijaksana
namanya raja henry raja henry memiliki seorang anak bernama pangeran arthur pada suatu hari datanglah seorang pemuda pengembara;namae raja henry ya empu sikuk anak benama pangeran arthur awak sutik ari dataime sikuk bujang pengemara
ia datang ke kerajaan dan menemui pangeran yang sedang melamun di taman istana;ya datai ke kerajaan dan nemu pangeran ti tengah ngelamun di taman istana
selamat pagi pangeran arthur selamat pagi siapakah kau aku pengembara biasa;selamat lam ari pangeran arthur selamat lam ari siapa meh aku pengemara biasa
namaku theo kudengar pangeran sedang bingung memilih calon istri ya aku bingung sekali;namaku theo kudinga pangeran tengah bingung milih calon bini auk aku bingung mat
semua wanita yang dikenalkan padaku tidak ada yang menarik hati;mhua inuk ti dikenalke ngusung ku nisek ti menarik ati
ada yang cantik tapi berkulit hitam ada yang putih tetapi bertubuh pendek;adai ti cantek uleh bekulit itung adai ti putih uleh betubuh pandak
ada yang bertubuh semampai berwajah cantik tetapi tidak bisa membaca aduuh;adai ti betubuh tingik mua cantek uleh ndai tauk maca aduuh
hmm bagaimana kalau kuajak pangeran berjalan jalan sebentar siapa tahu di perjalanan nanti pangeran bisa menemukan jalan keluar;hmm kati antik ku ngemaik pangeran bejalai jalai sekejap siapa tauk badak di pejalai ilak pangeran tauk nemu ke jalai keluar
ooh baiklah mereka berdua lalu berjalan jalan ke luar istana theo mengajak pangeran ke daerah pantai;ooh aukme idak dua udah piak bejalai jalai ke luar istana theo ngemaik pangeran ke dairah pantai
di sana mereka berbincang bincang dengan seorang nelayan tak lama kemudian nelayan itu mengajak pangeran dan theo ke rumahnya;din idak bejakuk jakuk ngau sikuk nelayan ndai lamak dah nyak ngemaik pangeran dan theo kerumahe
istriku sedang memasak ikan bakar yang lezat pasti pangeran menyukainya;biniku tengah nyumai ikan tunu ti nyamai pasti pangeran kak lah
datang dari dapur untuk menghidangkan ikan bakar silakan tuan tuan nikmati makanan ini kembali lagi ke dapur;datai ari dapur ngau ngidangke ikan tunu silakan tuan tuan nikmati makanan tuk pulai gik ke dapur
wahai nelayan mengapa engkau memilih istri yang bertubuh pendek itu;buu nelayan empa ikau milih bini ti betubuh pandak nyak
tersenyum aku mencintainya lagi pula walau tubuhnya pendek hatinya sangat baik ia pun pandai memasak;tucum aku cinta ke nya agik pula amat me tubuhnya pandak atie baik mat ya pun panai nyumai
mengangguk angguk selesai makan pangeran arthur dan pengembara itu berterima kasih dan melanjutkan perjalanan;nganguk nganguk alai dah makai pangeran arthur dan pengemara nyak beterimak kasih dan ngelanyutke pejalai
kini theo dan pangeran arthur sampai di rumah seorang petani disana mereka menumpang istirahat;ntok theo dan pangeran arthur datai dirumah sikuk petani din idak numpang belepa
mereka beberapa saat bercakap dengan pak tani lalu keluarlah istri pak tani menyuguhkan minuman dan kue kue kecil;idak beberapa saat bejakuk ngau pak tani dah piak keluar me bini pak tani ngidang ke aik irup dan kue kue jepit
bu tani bertubuh sangat gemuk pipinya tembam dan dagunya berlipat lipat kemudian bu tani pergi ke sawah;bu tani betubuh gemuk mat pipi e tembam dan dagok e belipat lipat dah piak bu tani angkat ke sawah
pak tani yang baik hati mengapa kau memilih istri yang gemuk;pak tani ti baik ati empa ikau milih bini ti gemuk
ia adalah wanita yang rajin lihatlah rumahku bersih sekali bukan setiap hari ia membersihkannya dengan teliti;ya adalah inuk ti rajin pedak me rumahku bersih mat kan tiap ari ya mersih ke ngau teliti
lagi pula aku sangat mencintainya mengangguk angguk pangeran dan theo lalu pamit dan berjalan pulang ke istana;agik pula aku cinta mat ke nya nganguk nganguk pangeran dan theo dah piak pamit dan belajai pulai ke istana
setibanya di istana mereka bertemu seorang pelayan dan istrinya pelayan itu amat pendiam sedangkan istrinya cerewet sekali;penataie awak istana idak betemu sikuk pelayan dan binie pelayan nyak sunyik mat uleh binie cerewet mat
pelayan mengapa kau mau beristrikan wanita sebawel dia walaupun bawel dia sangat memperhatikanku dan aku sangat mencintainya;pelayan empa kau kak jadike inuk sebawel ya amatme bawel ya mratike ku mat dan ku cinta mat ke nya
pangeran mengangguk angguk lagi kini aku mengerti tak ada manusia yang sempurna;pangeran nganguk nganguk gik ntok ku ngerti ndai sek nsia ti sempurna
begitu pula dengan calon istriku yang penting aku mencintainya dan hatinya baik;piak pula ngau calun biniku ti penting aku cinta ke nya dan atie baik
bernapas lega lalu membuka rambutnya yang ternyata palsu rambut aslinya ternyata panjang dan keemasan;menyuan lega sudah piak mukak buknya ti tenyata palsu buk aslinya tenyata panyai dan keemasan
ia juga membuka kumis dan jenggot palsunya kini di hadapan pangeran ada seorang puteri yang cantik jelita;ya sik mukak gumih dan jagut palsu e ntok di mua pangeran adai sikuk puteri ti cantek jelita
pangeran sebenarnya aku puteri rosa dari negeri tetangga ibunda pangeran mengundangku ke sini;pangeran sebenar e aku puteri rosa ari negeri tetangak ibunda pangeran ngunang ku kituk
dan menyuruhku melakukan semua hal tadi mungkin ibundamu ingin menyadarkanmu;dan nyuruhku ngelaku ke mhua hal tadek amang ibunda nuan kak nyadar ke nuan
sangat terkejut akhirnya aku dapat menemukan wanita yang cocok untuk menjadi istriku;tekenyit mat mhadok e aku tauk nemu ke inuk ti cucuk ngau jadi biniku
pangeran arthur dan putri rosa akhirnya menikah dan hidup bahagia selamanya mereka memiliki dua anak laki laki dan perempuan;pangeran arthur dan putri rosa mhadok e nikah dan idup bahagia selamanya idak empu dua anak laki dan inuk
pagi pagi suasana di kelas ix smp sambo indah cukup ramai bermacam macam tingkah kegiatan mereka ada yang mengobrol;lam lam suasana di kelas ix smp sambo indah merik ramai bemacam macam tingkah kegiatan idak adai ti ngampur
ada yang membaca buku ada pula yang keluar masuk kelas ssst bu indati datang;adai ti maca bukuk adai pula ti keluar tamak kelas ssst buk indati datai
para siswa segera beranjak duduk di tempatnya masing masing selamat pagi anak anak ramah;bala siswa mheli angkat duduk di awak masing masing selamat lam ari anak anak ramah
selamat pagi buuuuuu kompak anak anak kemarin ibu memberikan tugas bahasa indonesia membuat pantun semua sudah mengerjakan;selamat lam ari buuuuuu kumpak anak anak mharek ibuk merik ke tugas bahasa indonesia mulah pantun mhua sudah ngerja ke
sudah bu arga kamu sudah membuat pantun sudah dong bu coba kamu bacakan untuk teman temanmu;udah buk arga meh udah mulah pantun udah jarak buk cuba meh baca ke ngau kawan kawan meh
tersenyum nakal jalan ke hutan melihat salak ada pula pohon pohon tua ayam jantan terbahak bahak lihat inka giginya dua;tucum degil jalai ke rimbak medak salak adai pula pun pun tuai manuk sebung tekakah kakah medak inka giginya dua
tertawa terbahak bahak cemberut melotot pada arga arga kamu nggak boleh seperti itu sama temannya;tawak tekakah kakah cemerut ngelala ngusung arga arga meh ndai tauk beka nyak ke kawan
agak kesal kekurangan orang lain itu bukan untuk ditertawakan coba kamu buat pantun yang lain;merik kesal kekurangan urang lain nyak ukai ngau ditawakke cuba kau mulah pantun ti lain
iya bu masih tersenyum senyum siang hari anak anak smp sambo indah pulang sekolah inka mendatangi arga;auk buk agik tucum tucum tengah ari anak anak smp sambo indah pulai sekulah inka ngusung arga
arga kenapa sih kamu selalu usil kenapa kamu selalu mengejek aku emangnya kamu suka kalau diejek;arga empa bah kau selalu degil empa kau berantau ngutik ku nema kau kak anti diutik
tertawa tawa aduh maaf deh kamu marah ya in iya dong habiskamu nakal;tawak tawak aduh maaf me dik ringat deh in auk jarak amihkau degil
kamu memang sengaja mengejek aku kan biar anak anak sekelas menertawakan aku;meh lamak sengaja ngutik ku kan isak anak anak sekelas tawakke ku
wahjangan marah dong aku kan cuma bercanda eh katanya marah itu bisa menghambat pertumbuhan gigi;buu nang ringat jarak ku kan cuma ngutik eh jakuke ringat nyak tauk ngambat petumbuhan gigi
nanti kamu giginya dua terus tertawa iya kak nanti ayam jago menertawakan kamu terus;ilak dik gigie dua terus tawak auk kak ilak manuk sebung tawakke nuan terus
huh kalian jahat berteriak aku nggak ngomong lagi sama kalian pergi;huh kitak jahat nceriak aku ndai bejakuk gik ngau kitak lari
menghampiri inka sudahlah in nggak usah dipikirkan arga kan memang usil kemarin saja dia mengejekku;ngusung inka udahme in ndai alah dipikir ke arga kan lamak degil mharek jak ya ngutikku
nanti kalau kita marah dia malah tambah senang kita diamkan saja anak itu;ilak antik kitai ringat ya malah tamah gaga kitai sunyikke jak miak nyak
hari berikutnya sewaktu istirahat pertama duduk tidak jauh dari gendis dis nama kamu kok bagus sih mengeja nama gendis itu gimana;ari suteke sewaktu belepa pertama duduk ndai jauh ari gendis dis nama dik empa baik bah ngeja nama gendis nyak kate
apa sih kamu mau mengganggu lagi ya beraninya cuma sama anak perempuan;nema bah meh kak ngaru gik deh beranie cuma ngau miak inuk
aku kan cuma bertanya mengeja nama gendis itu gimana masak gitu aja marah;aku kan cuma nanyak ngeja nama gendis nyak kati masak piak jak ringat
memangnya kenapa sih curiga gendis ya mengejanya g e n d i s dong haaakamu itu gimana sih dis;ma empa bah curiga gendis auk ngejae g e n d i s jarak haakau nyak kati bah dis
udah smp kok belum bisa mengeja nama sendiri dengan benar gendis itu mengejanya g e m b u l itu kayak pamannya bobo hahaha;sudah smp empa empai tauk ngeja nama dirik ngau baik gendis nyak ngejae g e m b u l nyak beka ayake bobo hahaha
teman teman arga tertawa arga kamu selalu begitu bisa nggak sih sehari tanpa berbuat nakal;kawan kawan arga tawak arga meh berantau piak tauk ndai sih sari tanpa bebuat degil
lagi pula kamu cuma berani mengganggu anak perempuan dasar marah dan meninggalkan agra;agik pula meh cuma brani ngaru miak inuk dasar ringat dan nudike arga
di perjalanan hari sudah siang inka dan gendis berjalan kaki pulang sekolah karena mereka memang sudah merencanakannya kemarin;di pejalai ari nyau tengah ari inka dan gendis bejalai kaki pulai sekulah karna idak lamak dah ngerencana ke mharek
tiba tiba di belakang mereka terdengar bunyi bel sepeda berdering dering di atas sepeda;tiba tiba di belakang idak e tedinga awah bel sepeda bedering dering di atau sepeda
hoiminggirminggir pangeran arga yang ganteng ini mau lewat rakyat jelata diharap minggir;hoimansakmansak pangeran arga ti ganteng tuk kak mansak rakyat jelata diarap mansak
menoleh sebal tertawa tawa dan gubrak terjatuh aduuuuh rasakan kamu berteriak makanya kalau naik sepeda itu lihat depan;malik sebal tawak tawak dan gubrak labuh akaaaai asa ke me meh nciak kebak asa nikik sepeda nilik kedepan
iya makanya kalau sama anak perempuan jangan suka nakal sekarang kamu kena batunya;auk kebak antik ngau miak inuk nang kak degil ntok meh kenak batu e
meringis kesakitan aduh tolong dong aku nggak bisa bangun ini tidak usah ditolong;kebik pedih akai talau jarak aku ndai tauk angkat tuk ndai alah ditalau
dia kan suka mengganggu kita biar tahu rasa sekarang lagi pula paling dia cuma pura pura nanti kita dikerjain lagi;ya kan kak ngaru kitai isak tauk badak asa ntok agik pula paling ya cuma purak purak ilak kitai dikerjain gik
aduh aku nggak pura pura kakiku sakit sekali merintih aku janji nggak akan ngerjain kalian lagi;akai aku ndai purak purak kakiku pedih mat ngaduh aku janji ndai kak ngerja kitak gik
menjadi merasa kasihan pada arga ditolong yuk dis kayaknya dia beneran sakit itu kakinya;nyadi ngasa kasih ngusung arga ditalau buh dis alap eya bamat pedih nyak kaki e
sudahlah kita kan nggak boleh dendam sama orang lain bagaimanapun arga kan teman kita juga;udah me kitai kan ndai tauk dendam ngau urang lain pun arga kan kawan kitai gak
mengangguk dan mendekati arga apanya yang sakit ga aduh kakiku sakit sekali aku nggak kuat berdiri nih;nganguk dan ngusung arga nema ti pedih ga akai kakiku pedih mat ku ndai talah bediri tuk
gini aja dis kamu ke sekolah cari pak yan yang jaga sekolah pak yan kan punya motor;pituk jak dis dik ke sekulah ngigak pak yan ti nyaga sekulah pak yan kan adai mutur
nanti arga biar diantar pulang sama pak yan sekarang aku di sini menemani arga bersemangat;ilak arga isak di anyung pulai ngau pak yan ntok aku dituk ngawan ke arga besemangat
ide yang bagus pergi menuju ke sekolah yang masih kelihatan dari tempat itu;ide ti baik angkat nuju ke sekulah ti agik tepedak ari awak nyak
in lirih maafkan aku ya aku sering gangguin kamu gendis anggun dan teman teman yang lain;in sedih maaf ke aku bah aku pisit ngaru dik gendis anggun dan kawan kawan ti lain
makanya kamu jangan suka ngerjain orang apalagi mengolok olok kekurangan mereka;kebak meh nang kak ngerja urang apagik nguluk uluk kekurangan idak
jangan suka meremehkan anak perempuan nyatanya kamu membutuhkan mereka juga kan;nang kak ngerimih ke miak inuk nyata e meh perlu idak gak kan
iya deh aku janji nggak akan ngerjain kalian lagi arga betul betul menepati janjinya;auk me aku janji ndai kak ngerja kitak gik arga amat amat nepat janji e
sejak kejadian itu ia tak pernah mengganggu teman temannya lagi arga pun jadi punya banyak sahabat;sejak kejadian nyak ya tidak kalak ngaru kawan kawan e gik arga pun nyadi empu mayuh kawan
mereka sering mengerjakan pr dan belajar bersama sepulang sekolah mereka juga sering bermain bersama;idak pisit ngerja ke pr dan belajar besama sepulai sekulah idak sik pisit main besama
bicara sendiri ternyata kalau aku nggak nakal sahabatku tambah banyak pikir arga;bejakuk kedirik tenyata antik aku ndai degil kawanku tamah mayuh pikir arga
ternyata juga punya banyak sahabat itu menyenangkan kalau mereka ulang tahun kan aku jadi sering ditraktir hihihi;tenyata gak empu mayuh kawan nyak menyenangkan antik idak ulang taun kan ku nyadi pisit ditraktir hihihi
mereka sedang duduk duduk di teras rumah ria di atas meja terhidang minuman dan sepiring pisang goreng;idak tengah duduk duduk di mua rumah ria di atau meja tehidang aik irup dan sepingai pisang guren
peristiwa itu terjadi pada suatu sore hari bagaimana ri kau sudah mendapat ide;peristiwa nyak tejadi pada sutik malam ari kati ri dik udah bulih ide
penuh tanda tanya sebetulnya sudah tapi apakah kalian setuju dengan ideku ini;penuh tanda tanyak sebenar udah uleh nema kitak setuju ngau ideku tuk
hampir bersamaan coba katakan apa idemu begini diam sebentar sambil memikirkan kata untuk mulai menjelaskan ide;ampir breta cuba padah ke nema ide dik pituk dugau kejap samil mikir ke kata ngau mulai nyelas ke ide
kita buat saja masakan dari bahan bahan yang ada di sekitar kita;kitai mulah jak masakan ari bahan bahan ti adai di sekitar kitai
kebetulan kami panen pisang dan singkong kemarin nah kita bisa memanfaatkan kedua bahan itu;kebetulan kami panin pisang ngau ubi mharek nah kitai tauk manfaat ke kedua bahan nyak
tapi apakah masakan kita tidak memalukan sebab singkong dan pisang hanya bahan murah;uleh nema masakan kitai ndai memalukan karna ubi dan pisang cuma bahan murah
benar pendapat untari tentunya kelompok kita akan membuat masakan dari bahan yang lebih baik dan lebih mahal;amat pendapat untari tentu kelumpok kitai kak mulah masakan ari bahan ti lebih baik dan lebih mahal
tetapi aku setuju dengan pendapat ria dengan bahan yang sederhana kita pun dapat membuat makanan yang enak;uleh aku setuju ngau pendapat ria ngau bahan ti sederhana kitai pun tauk mulah makanan ti nyamai
kebetulan kakakku pernah membuat makanan dari bahan singkong dan pisang jadi kita dapat belajar dari dia;kebetulan kakakku gah mulah makanan ari bahan ubi dan pisang jadi kitai tauk belajar ari nya
ya ibuku pun pernah memasaknya dan hasilnya kami semua senang;auk umakku pun gah nyumai e dan asil e kami mhua gaga
bernada khawatir tapi bagaimana dengan kelompok lain wah mereka pasti akan memasak makanan yang enak dan mahal;benada kawatir uleh kati ngau kelumpok lain buu idak pasti kak nyumai makan ti nyamai dan mahal
ah makanan mahal belum tentu enak rasanya dan kita harus mengingat kemampuan kita;ah makanan mahal empai tentu nyamai asa e dan kitai alah ngingat kemampuan kitai
betul kata reni sebaliknya makanan yang murah belum tentu tidak enak;amat jakuk reni sebalik e makanan ti murah empai tentu ndai nyamai
maka sekarang kita putuskan saja kelompok kita kelompok ii akan membuat makanan dari bahan singkong dan pisang;kebak ntok kitai putus ke jak kelupok kitai kelupok ii kak mulah makanan ari ubi dan pisang
ya aku setuju bagaimana untari dan kau susi bernada pasrah bisa begitu ya sudahlah aku setuju;auk aku setuju kati untari dan dik susi benada pasrah tauk piak auk udahme ku setuju
aku tahu kamu adalah juara kelas tetapi dari tadi aku perhatikan wajahmu tampak bimbang seperti angin ribut;aku tauk badak kau adalah juara kelas uleh ari tadek aku mratike mua kau tampak bimbang beka angin ribut
coba lihat mereka bersorak sorak gembira mereka telah berhasil merebut kemenangan dalam kenaikan kelas ini meskipun tidak menjadi juara seperti kau;cuba pedak idak besurak surak gaga idak dah brasil ngerebut kemenangan alam kenaikan kelas tuk amatme ndai nyadi juara kelas beka kau
